3-Letter ID,Call Sign,Country
AAB,ABG,Belgium
AAC,ARMYAIR,United Kingdom
AAD,PANABEAR,Panama
AAE,EUROVIKING,Malta
AAF,AIGLE AZUR,France
AAG,APRICOT,Armenia
AAH,ALOHA,United States
AAI,BOREALIS,United States
AAJ,ALFA SUDAN,Sudan
AAK,ALASKA ISLAND,United States
AAL,AMERICAN,United States
AAM,AIM AIR,Moldova
AAN,ATMOJET,Czech Republic
AAO,HERO,Czech Republic
AAP,ARABASCO,Saudi Arabia
AAQ,ASIA ATLANTIC,Thailand
AAR,ASIANA,South Korea
AAS,AL-AAS,Pakistan
AAT,AFRICA AIRLINES,Congo
AAV,ASTRO-PHIL,Philippines
AAW,AFRIQIYAH,Libya
AAX,ADVANCE AVIATION,Thailand
AAY,ALLEGIANT,United States
AAZ,AEOLUS,Gambia
ABA,AEROBETA,Germany
ABB,AIR BELGIUM,Belgium
ABD,ATLANTA,Iceland
ABE,ABAN,Iran
ABF,SKYWINGS,Finland
ABG,ROYAL FLIGHT,Russia
ABI,AIRALBACETE,Spain
ABJ,ABAETE,Brazil
ABK,AIRBUS CANUCK,Canada
ABL,AIR BUSAN,South Korea
ABM,ALBATROS ESPANA,Spain
ABN,AIR ALBANIA,Albania
ABO,AEROEXPRESO,Colombia
ABP,BAIR,Czech Republic
ABQ,PAKBLUE,Pakistan
ABR,CONTRACT,Ireland
ABT,BENWAYS,Benin
ABV,CARGOBLUE,United Kingdom
ABW,AIRBRIDGE CARGO,Russia
ABX,ABEX,United States
ABY,ARABIA,United Arab Emirates
ABZ,ISLAND LIFEFLIGHT,Bahamas
ACA,AIR CANADA,Canada
ACB,AIRCONTI,Gabon
ACD,ACADEMY,United States
ACE,SKY ACE,United States
ACF,FORCAN,Spain
ACI,AIRCALIN,France
ACJ,SINOJET,Thailand
ACK,ACK AIR,United States
ACL,ADMIRE,Colombia
ACN,AZUL CONECTA,Brazil
ACO,WEBER,United States
ACP,ASTRAL CARGO,Kenya
ACQ,ACE CARGO,India
ACR,AEROCENTER,Spain
ACS,AIRCRAFT SALES,Pakistan
ACT,AMERICAN CHECK,United States
ACU,AFRISPIRIT,Kenya
ACV,CARNAIR,India
ACW,ACRO JETS,Mexico
ACY,CRUX,Russia
ADA,AUSCAL,Australia
ADB,ANTONOV BUREAU,Ukraine
ADC,AD ASTRA,Poland
ADG,AEREA TRAINING,Spain
ADI,AUDELI,Spain
ADJ,SHENDENG JET,China
ADK,ADCO,Nigeria
ADL,COTSWOLD,United Kingdom
ADM,DREAM COLLEGE,Portugal
ADN,AERODIENST,Germany
ADO,AIR DO,Japan
ADP,AERODIPLOMATIC,Mexico
ADR,ADRIA,Slovenia
ADS,ANDERSON,Canada
ADT,ARRENDA-TRANS,Mexico
ADV,ADVANCED,United Kingdom
ADY,NAWRAS,United Arab Emirates
ADZ,MIGRATOR,Bulgaria
AEA,EUROPA,Spain
AEB,AVION EXPRESS,Brazil
AEE,AEGEAN,Greece
AEG,AIREST CARGO,Estonia
AEH,VEGA,Slovenia
AEI,POLISH BIRD,Poland
AEJ,AEROJET,Venezuela
AEK,AEROCON,Bolivia
AEL,RHOMBUS,Netherlands
AEM,AEROMADRID,Spain
AEO,AERO,Guernsey
AEP,AEROTEC,Spain
AER,ACE AIR,United States
AES,GEMINA,Malta
AET,AEROTHAI,Thailand
AEV,AEROVENTAS,Mexico
AEW,SEAGULL,Greece
AEX,AEROX,Mexico
AEY,ZEUS,Panama
AEZ,AEROITALIA,Italy
AFA,BLUE ALFA,Czech Republic
AFB,BULAF,Bulgaria
AFC,AERORUTAS,Venezuela
AFE,AIRFAST,Indonesia
AFF,AIRFERRY,United Kingdom
AFG,ARIANA,Afghanistan
AFH,AIR AFGHANISTAN,Afghanistan
AFI,AFRICAWORLD,Uganda
AFJ,JAMBO,Uganda
AFL,AEROFLOT,Russia
AFM,EPIC AIR,France
AFN,HEKLA,Iceland
AFP,PORTUGUESE AIR FORCE,Portugal
AFQ,ALBA,Italy
AFR,AIRFRANS,France
AFW,BLACKSTAR,Ghana
AFY,AFRICA CHARTERED,Nigeria
AFZ,AFTA,Ireland
AGA,IRAN HANGAR,Iran
AGE,AEROMANAGE,Lithuania
AGF,AIR GEORGIA,Georgia
AGH,ALTAGNA,France
AGK,AGAT,Russia
AGM,ANGEL MED,United States
AGN,GOLF NOVEMBER,Gabon
AGO,ANGOLA CHARTER,Angola
AGP,AIR TARA,Ireland
AGR,ACE EUROPE,Netherlands
AGS,BLUE PORT,Thailand
AGT,AMADEUS,Spain
AGU,SARMA,Russia
AGV,AIR GLACIERS,Switzerland
AGY,EGYPTIAN BIRD,Egypt
AHB,ALHAMBRA,Spain
AHC,ASCENT,Canada
AHD,AIRHANDLING,Czech Republic
AHE,AIRPORT HELICOPTER,Switzerland
AHF,ASPEN,United States
AHH,AIRHOLD,Ireland
AHI,AEROCHISA,Mexico
AHJ,AVYCOP,Mexico
AHK,AIR HONG KONG,China
AHL,HIDALGO,Mexico
AHM,HELI ATLANTIS,Mexico
AHS,HIGH SKY,Pakistan
AHT,HELIAPRA,Portugal
AHU,ABC HUNGARY,Hungary
AHW,SKY CAPITAL,Bangladesh
AHX,AMAKUSA AIR,Japan
AHY,AZAL,Azerbaijan
AIA,AMELIA,France
AIB,AIRBUS INDUSTRIE,France
AIC,AIRINDIA,India
AIE,INUIT,Canada
AIH,AIR INCHEON,South Korea
AIJ,ABC AEROLINEAS,Mexico
AIK,AFRICAN AIRLINES,Kenya
AIM,PIJO,Spain
AIN,FLY CARGO,South Africa
AIO,AIR CHIEF,United States
AIP,ALPINE AIR,United States
AIQ,THAI ASIA,Thailand
AIS,SURESTE,Spain
AIT,AIR TAURUS,Ukraine
AIW,AIRWOLF,Germany
AIX,ANDREW,Canada
AIZ,ARKIA,Israel
AJA,AFGHAN JET,Afghanistan
AJB,AMJET,Argentina
AJC,BAR HARBOR,United States
AJD,CATCH ME,Malta
AJE,JET EXPRES,Mexico
AJG,ATLANTIC JETS,Venezuela
AJH,ALJARAFE,Spain
AJI,AMERISTAR,United States
AJJ,AVJET,South Africa
AJK,BAMBI,Nigeria
AJM,JAMAICA,Jamaica
AJN,BAJANTE,Mexico
AJO,AVIATE JET,Malta
AJP,ANAPJETS,Nigeria
AJQ,PANAJET,Panama
AJR,JET MONGOLIA,Mongolia
AJS,AEROEJECUTIVOS,Colombia
AJT,AMERIJET,United States
AJU,AIRJETSUL,Portugal
AJV,LEE JET,Thailand
AJW,ALPHAJET,United States
AJX,AIR JAPAN,Japan
AJY,AJWAA AIRLINES,Egypt
AJZ,ANGLO JET,South Africa
AKC,ASIALINK CARGO,Indonesia
AKG,GRIFTER,United Kingdom
AKH,AKHAL,Turkmenistan
AKJ,AKASA AIR,India
AKK,AKER,Norway
AKL,AIR KIRIBATI,Kiribati
AKN,ALKAN AIR,Canada
AKP,ASKARI AIR,Pakistan
AKQ,MOONLIGHT,Kenya
AKS,AKEL,Kenya
AKT,ARCTIC,Canada
AKU,ALKEBULAN,Zambia
AKV,FLY SUN WEST,Kenya
AKW,ANGKORWAYS,Cambodia
AKX,ALFA WING,Japan
AKY,YAK-SERVICE,Russia
ALB,ALBATROS,Mexico
ALC,ACOM,United States
ALD,AIR LEISURE,Egypt
ALE,ALLIANCE MALTA,Malta
ALF,ACEFORCE,Belgium
ALI,AIRLIFT,Norway
ALK,SRILANKAN,Sri Lanka
ALL,ARABIA AVIA,Libya
ALN,ALKAN AVIATION,Egypt
ALO,ALLEGHENY,United States
ALP,ALLPOINTS,China
ALR,ALBORZ,Iran
ALS,ALASDELSUR,Venezuela
ALT,AEROLINEAS CENTRALES,Mexico
ALU,LUXORJET,Sao Tome and Principe
ALV,AEROPOSTAL,Venezuela
ALX,ALPIJETS,Austria
ALZ,AZURE,Bahamas
AMA,MOALEM,Kyrgyzstan
AMB,CIVIL AIR AMBULANCE,Germany
AMC,AIR MALTA,Malta
AMD,MERCY WING,South Africa
AME,AIRMIL,Spain
AMF,AMFLIGHT,United States
AMG,AIR MINAS,Brazil
AMH,MACRAN,Iran
AMI,AIRMEK,United States
AMJ,AMJET EXEC,Greece
AMK,AMAC,Switzerland
AML,MALAWI,Malawi
AMM,METAVIA,Philippines
AMN,MONTENEGRO,Montenegro
AMP,ATSA,Peru
AMQ,AMEX,Poland
AMR,AIR AM,United States
AMT,AIR MOUNTAIN,Switzerland
AMU,AIR MACAU,China
AMX,AEROMEXICO,Mexico
AMY,AIR MANDALAY,Myanmar
AMZ,AMIYI AIR,Nigeria
ANA,ALL NIPPON,Japan
ANB,AIR NAV,United Kingdom
ANC,AVIAN,Argentina
AND,SERVI ANDES,Peru
ANE,NOSTRU AIR,Spain
ANG,NIUGINI,Papua New Guinea
ANI,NIGALANTIC,Nigeria
ANJ,AIR ALLEGIANCE,South Africa
ANK,AERO NOMAD,Kyrgyzstan
ANL,AIR NACOIA,Angola
ANM,NORAM,Mexico
ANO,TOPEND,Australia
ANP,NICON FLIERS,Nigeria
ANQ,ANTIOQUIA,Colombia
ANR,YANAIR,Ukraine
ANS,AEROANDES,Argentina
ANT,AIR NORTH,Canada
ANU,ANDALUS,Spain
ANV,NESTAV,Nigeria
ANW,ANGEL WINGS,South Africa
ANX,SECRETARIA DEMARINA,Mexico
ANZ,NEW ZEALAND,New Zealand
AOA,AIR OCEAN,Ukraine
AOB,CARIBE CORO,Venezuela
AOC,ARAMIS,San Marino
AOD,AERO CZECH,Czech Republic
AOF,ATAIR,South Africa
AOJ,ASTERIX,Austria
AOM,OCEAN MAROC,Morocco
AON,AERO ENTREPRISE,France
AOO,TREBET AVIATION,Nigeria
AOR,INTER-AFRO,Nigeria
AOS,AEROS,United Kingdom
AOU,AIR TRACTOR,Croatia
AOV,AEROVISION,France
APA,APOYO LOG,Mexico
APC,AIRPAC,United States
APE,AIR PARCEL,United States
APF,AMAPOLA,Sweden
APG,COOL RED,Philippines
APH,AIRFLIGHT,United States
API,ASA PESADA,Angola
APJ,AIR PEACH,Japan
APK,PEACE BIRD,Nigeria
APL,AEREO PRINCIPAL,Mexico
APM,RED FINN,Finland
APN,AIR ALPES,France
APP,ALPAVIA,Slovenia
APR,PRIMORDIALES,Mexico
APS,AEROPARADISE,Mexico
APU,APUKA,Peru
APV,PHILIP AIR,South Korea
APW,TRIPLE ACE,United States
APX,APEX,United Kingdom
APZ,AIR PREMIA,South Korea
AQA,ATCO,Colombia
AQL,ALTACARGO,Kazakhstan
AQQ,APSARA,Cambodia
AQS,AIRSTREAM,Czech Republic
AQU,QUARIUS,South Africa
ARA,ARIK AIR,Nigeria
ARB,AIRBAHN,United States
ARD,CORDILLERAS,Venezuela
ARE,LAN COLOMBIA,Colombia
ARF,ANIMAL FLIGHTS,United States
ARG,ARGENTINA,Argentina
ARH,AEROHELCA,Venezuela
ARI,AEROVICS,Mexico
ARK,LINK SERVICE,Spain
ARL,AIRLEC,France
ARM,SUNSKY,Moldova
ARN,AERONEX,South Africa
ARO,ACERO,Mexico
ARP,IVORYCORP,Ivory Coast
ARQ,AIRCO,Canada
ARR,AVALAIR,United States
ARS,METSERVICE,Chile
ART,SMART LYNX,Latvia
ARU,ARUBA,Netherlands
ARV,ARAVCO,United Kingdom
ARW,JAMAICA SHUTTLE,Jamaica
ARX,AIREX,United States
ARY,YERAZ,Armenia
ARZ,AIRBORNE,United States
ASA,ALASKA,United States
ASB,AIR SPRAY,Canada
ASD,AIR SPHINX,Egypt
ASE,ASERTEC,Mexico
ASF,AUSTRIAN AIRFORCE,Austria
ASH,AIR SHUTTLE,United States
ASI,AEROSUN,United States
ASJ,ASTONJET,France
ASK,MULTISKY,Spain
ASL,AIR SERBIA,Serbia
ASM,AWESOME,South Africa
ASN,AIRSENSING,Spain
ASO,AEROSUL,Brazil
ASP,AIRSPRINT,Canada
ASQ,ACEY,United States
ASR,SOTRAVIA,France
AST,THAI SUMMER,Thailand
ASV,AIR SEOUL,South Korea
ASW,ASIAWAYS,Tajikistan
ASX,AIRSPEC,Czech Republic
ASY,AUSSIE,Australia
ASZ,ASCENSION,United States
ATB,TRANS-BURUNDI,Burundi
ATC,TANZANIA,Tanzania
ATF,AEROTECNICAS,Spain
ATG,MOLDCARGO,Moldova
ATH,GLOBESTAR,South Africa
ATI,ART AVIA,Russia
ATK,AEROTACA,Colombia
ATL,AIR BREMEN,Germany
ATM,AIRTAS,Australia
ATN,AIR TRANSPORT,United States
ATP,ALTIPLANO,Mexico
ATQ,COLIBRI,Nigeria
ATR,ATRAK AIR,Iran
ATS,AIR ATLAS,Iran
ATT,HANN,Uzbekistan
ATU,BERLIN SKY,Germany
ATV,AVANTI AIR,Germany
ATW,DEVIL,Belgium
ATX,AIRSWIFT,Philippines
ATY,AIRCARE,Kenya
ATZ,ACE TAXI,South Korea
AUA,AUSTRIAN,Austria
AUB,AUBIE,United States
AUD,GENIE,United States
AUE,AIR UNIVERSE,South Korea
AUG,GEO UNIVERSITY,Georgia
AUH,SULTAN,United Arab Emirates
AUI,UKRAINE INTERNATIONAL,Ukraine
AUK,AURIC SERVICES,Tanzania
AUL,ARCHANGELSK AIR,Russia
AUN,COMMON SKY,Austria
AUR,AYLINE,United Kingdom
AUT,AUSTRAL,Argentina
AUU,ARGO,United States
AUV,ASIA UNION,Uzbekistan
AVA,AVIANCA,Colombia
AVB,BEAUPAIR,United Kingdom
AVC,AIRTEAM VARNA,Bulgaria
AVD,ALAMO,Spain
AVE,AVEX AIR,South Africa
AVF,AVES FLIGHT,Mexico
AVH,KENT HELI,United Kingdom
AVJ,ATOMIC,Kyrgyzstan
AVK,AVIATE-COPTER,South Africa
AVL,SKY VENTURES,United States
AVM,AVEMEX,Mexico
AVN,AIR VAN,Vanuatu
AVO,AVIATION WORK,South Africa
AVP,AVIA PUEBLA,Mexico
AVQ,AVIC,South Africa
AVR,AVAEXPRESS,Colombia
AVS,AVIALSA,Spain
AVV,WING MAN,Egypt
AVW,AVIRO,Romania
AVY,AEROVARADERO,Cuba
AVZ,AIR VALENCIA,Spain
AWA,CAPELLA,Bangladesh
AWC,ZAP,United Kingdom
AWG,ANIMA WINGS,Romania
AWH,AEROWEST,Germany
AWI,WISCONSIN,United States
AWJ,SAHEL AIRLINES,Niger
AWK,AIRWORK,New Zealand
AWM,ASIAN STAR,Myanmar
AWN,AIR NIAMEY,Niger
AWQ,WAGON AIR,Indonesia
AWS,ARAB WINGS,Jordan
AWT,ALBAWINGS,Albania
AWU,SYLT AIR,Germany
AWW,AWA,Iran
AWX,ALLWEATHER,United Kingdom
AWY,RED KITE,United Kingdom
AXA,AMIRA,Austria
AXB,EXPRESS INDIA,India
AXC,AIRSPUP,Vietnam
AXD,AIR SUDEX,Sudan
AXE,GALILEO,Slovakia
AXG,FORTUNE,Germany
AXH,SERVAY,Venezuela
AXJ,ALEX JET,San Marino
AXK,EXPRESS JET,Kenya
AXL,ANGUILLA,United Kingdom
AXM,RED CAP,Malaysia
AXO,AXIO,United States
AXP,AEROMAX SPAIN,Spain
AXQ,ACTION AIR,United States
AXS,AXIS,San Marino
AXT,AXTRANSPORTER,Mexico
AXV,AVA,Iran
AXY,LEGEND,Malta
AYA,ACADEMY AIR,United States
AYE,AIR YING AN,China
AYG,ASTRA,Malaysia
AYH,ANDES,Ecuador
AYJ,ALLEY JET,Germany
AYL,ALPINE NEPAL,Nepal
AYM,AIRMAN,Spain
AYN,ARYSTAN,Kazakhstan
AYR,CYGNET,Spain
AYT,AYIT,Israel
AYV,CARGWAY,Venezuela
AZA,ALITALIA,Italy
AZB,AIR ZAMBIA,Zambia
AZD,MAILMAN,Austria
AZE,ARCUS AIR,Germany
AZF,AIR ZERMATT,Switzerland
AZG,SILK WEST,Azerbaijan
AZH,HELIAZE,Azerbaijan
AZI,GREEK STAR,Greece
AZM,AZMAN AIR,Nigeria
AZN,AMAZONAS,Bolivia
AZO,AZIMUTH-DON,Russia
AZP,GUARANI,Paraguay
AZQ,SILK LINE,Azerbaijan
AZR,ZENAIR,South Africa
AZS,ZITOTRANS,Russia
AZT,AZIMUT,Spain
AZU,AZUL,Brazil
AZV,AZUR AIR,Russia
AZW,AIR ZIMBABWE,Zimbabwe
AZX,AZIMA,Gabon
AZY,AZTEC WORLD,United States
AZZ,AZZA TRANSPORT,Sudan
BAA,BALKAN AGRO,Bulgaria
BAB,BAHRAIN AIR,Bahrain
BAD,BADLANDS,United States
BAF,BELGIAN AIRFORCE,Belgium
BAG,BIRDBASE,Austria
BAH,BAHRAIN,Bahrain
BAI,BONITO AIR,Mexico
BAJ,BAKER AVIATION,United States
BAK,BLACKHAWK,United States
BAL,BALMORAL,South Africa
BAN,PENGUIN,United Kingdom
BAO,AVANGARD,Germany
BAP,BIG APPLE,United States
BAQ,LAT CARGO,Latvia
BAR,BARAKAH,United Arab Emirates
BAS,AEROSERV,Barbados
BAT,GHERKIN,United Kingdom
BAV,BAMBOO,Vietnam
BAW,SPEEDBIRD,United Kingdom
BBA,BOMBARDIER,Canada
BBB,BLACKBIRD,Denmark
BBC,BANGLADESH,Bangladesh
BBE,BABEL AIR,Sudan
BBG,CANDIA BIRD,Greece
BBI,SKY NET,Nigeria
BBJ,BLUE KOREA,South Korea
BBK,BABAK,Kazakhstan
BBL,IRON BIRD,Indonesia
BBN,BRABAZON,United Kingdom
BBO,BABCOCK,Portugal
BBQ,EASTERN EXPRESS,United States
BBR,SANTA BARBARA,Venezuela
BBT,BIG BLUE,Turkey
BBW,BEEBEE AIRWAYS,Nepal
BBX,BLUEBEL,Denmark
BBY,YEMEN BLUE,Yemen
BBZ,COBRA,Kenya
BCA,BLUE SKY MONGOLIA,Mongolia
BCB,WAVEBIRD,Barbados
BCF,BACH,Austria
BCG,BELGIAN COASTGUARD,Belgium
BCH,BEACHBALL,United States
BCI,BLUE ISLAND,United Kingdom
BCJ,BLUE BOY,Poland
BCK,BANKCHECK,United States
BCN,BLUE OCEAN,Mauritania
BCO,BELUGA CARGO,France
BCP,SYBAJET,San Marino
BCR,BACKER,United Kingdom
BCS,POSTMAN,Germany
BCU,BACAIR,United States
BCV,MORABEST,Cape Verde
BCY,CITY-IRELAND,Ireland
BDA,BLUE DART,India
BDF,BORDER FORCE,Australia
BDG,BULLDOG,United States
BDI,BIRDIE,Denmark
BDJ,CROWN JET,China
BDN,GAUNTLET,United Kingdom
BDR,BADR AIR,Sudan
BDS,SOUTH ASIAN,Bangladesh
BDV,ABERDAV,Kenya
BDX,SKY PUSHER,Bahamas
BEA,BELLAGIO AIR,Nigeria
BEE,JERSEY,United Kingdom
BEF,BALEAR EXPRESS,Spain
BEG,BULGARIAN EAGLE,Bulgaria
BEJ,BEEJET,France
BEK,BEKAIR,Kazakhstan
BEL,BEELINE,Belgium
BEM,SAFAV EJECUTIVO,Venezuela
BEN,FRANKLIN,United States
BER,BERLIN,Croatia
BES,SKYBEES,Romania
BET,BETA CARGO,Brazil
BEU,BATELEUR,South Africa
BEV,BEV AIR,Greece
BEY,BESTFLY,Spain
BEZ,SEA BREEZE,United States
BFC,BASLER,United States
BFD,MEDIA JET,Germany
BFF,AIR BAFFIN,Canada
BFG,BRIGHT FLIGHT,Bulgaria
BFK,NORTHERN EXPRESS,China
BFL,BUFFALO,Canada
BFM,FAN MAY,China
BFO,BAKHTAR,Afghanistan
BFR,BURKLINES,Burkina Faso
BFS,WOLVES,Lithuania
BFT,BORDER,United Kingdom
BFW,SUMMAN,Bahrain
BFX,BLUE FOX,Germany
BFY,MWANGO BEST,Netherlands
BGA,BELOUGA,France
BGB,BIG BEND,United States
BGC,YANDU,China
BGE,AEROBRIDGE,United States
BGF,BULGARIAN,Bulgaria
BGG,AERO BG,Mexico
BGH,BALKAN HOLIDAYS,Bulgaria
BGI,BRITISH GULF,Sao Tome and Principe
BGL,BINANI,Nigeria
BGN,SKYBUDDY,Thailand
BGR,BRIDGER,United States
BGS,SUNNY,Bulgaria
BGY,SKIMMER,Poland
BHA,BUDDHA AIR,Nepal
BHC,BAHIA,Mexico
BHD,BANGKOK DUSIT,Thailand
BHI,SHARIF,Afghanistan
BHK,BLUHALKIN,United Kingdom
BHL,BRISTOW,United Kingdom
BHM,HELI MEDIC,Bulgaria
BHN,BRISTOW HELICOPTERS,Nigeria
BHO,BHOJA,Pakistan
BHR,BIGHORN AIR,United States
BHS,BAHAMAS,Bahamas
BHZ,ALPINE STAR,Switzerland
BIA,BOHLKE,United States
BIC,BALESIN,Philippines
BIG,BIG ISLE,United States
BIH,BRINTEL,United Kingdom
BIK,RED RAY,Bulgaria
BIL,BILAIR,Denmark
BIN,BISON-AIR,United States
BIO,BIOFLIGHT,Denmark
BIR,BIRD AIR,United States
BIT,RUN BITTY,United States
BIV,AVIASERVICE,Georgia
BIX,SUN TRIP,Sweden
BIZ,BIZMEX,Mexico
BJA,BAJA AIR,Mexico
BJC,BALTIC JET,Latvia
BJF,BAXA,Mexico
BJK,BLACKJACK,United States
BJN,AIR JINGHUA,China
BJQ,AZRAQ,Kyrgyzstan
BJS,SOLUTION,United States
BJT,BAY JET,United States
BJU,JET EXPRESS,Ukraine
BJV,BEIJING VISTA,China
BJX,BLUE FLIGHT,South Sudan
BKA,BANKAIR,United States
BKB,BLACK BEAR,United States
BKE,AIR BROCK,United States
BKF,BAKERFLIGHT,Finland
BKH,BARKSTON,United Kingdom
BKJ,BARKEN JET,United States
BKK,BLINKAIR,United Kingdom
BKL,BARCOL,Russia
BKM,CARDINAL,United States
BKN,BILLIKEN,United States
BKO,BRIKO,Trinidad and Tobago
BKP,BANGKOK AIR,Thailand
BKR,BOX KAR,United States
BKS,BERKS,United States
BKT,BLACKTAIL,South Africa
BKY,BLUE AIRWAYS,Botswana
BLA,BLUE AIR,Romania
BLB,BLUEBIRD SUDAN,Sudan
BLC,BELLESAVIA,Belarus
BLD,BLACKADDER,United Kingdom
BLE,BLUEWATER,United States
BLG,BELGAVIA,Belgium
BLH,BLUE HORIZON,United States
BLI,BLUELINE,Germany
BLK,AERO BLACK,United States
BLL,BALTIC AIRLINES,Russia
BLM,HELI PER,Panama
BLN,BELTON,South Africa
BLO,BELOGORIE,Russia
BLR,BLUERIDGE,United States
BLS,BEARSKIN,Canada
BLT,BLUE TIE,France
BLU,BLUEGRASS,United States
BLV,BELLVIEW AIRLINES,Nigeria
BLX,BLUESCAN,Sweden
BLY,BLUE AERO,United States
BLZ,AEROLOZ,Mexico
BMA,GOSLING,Bermuda
BMD,BRITISH MEDICAL,United Kingdom
BME,BRIGGS,United Kingdom
BMG,BOOMERANG,Canada
BMJ,BEMIDJI,United States
BML,BISMILLAH,Bangladesh
BMP,AIR BAMA,United States
BMR,MIDLAND,United Kingdom
BMT,SYMONETTE,United States
BMW,BMW-FLIGHT,Germany
BMX,BANXICO,Mexico
BNA,BUN AIR,United States
BNB,DAZZLE,China
BNC,BARNACLE AIR,United States
BND,BOND,United Kingdom
BNF,BRUNEL,United Kingdom
BNG,VECTIS,United Kingdom
BNH,BAONENG JET,China
BNI,BARTOLINI,Poland
BNJ,JET BELGIUM,Belgium
BNL,MANARA,Libya
BNM,MELITAIR,Malta
BNO,NORSE,Norway
BNS,BANCSTAR,United States
BNT,BENTIU AIR,Sudan
BNV,BENANE,Mauritania
BNX,AIR BARINAS,Venezuela
BNY,BOUNTY,Australia
BOA,KUMANOVO,North Macedonia
BOC,AEROBONA,Mexico
BOD,UGABOND,Uganda
BOE,BOEING,United States
BOF,BORNFLIGHT,Denmark
BOG,BIRD DOG,United States
BOH,BOHEMIA,Czech Republic
BOL,BOL,Bolivia
BOM,BATMAN,Austria
BON,BH AIRLINES,Bosnia and Herzegovina
BOO,BOOKAJET,United Kingdom
BOR,BOLIDORSA,Uruguay
BOS,MISTRAL,France
BOT,BOTSWANA,Botswana
BOV,BOLIVIANA,Bolivia
BOX,GERMAN CARGO,Germany
BPA,BLUE PANORAMA,Italy
BPC,BRASPRESS,Brazil
BPH,BLACK PHOENIX,United Kingdom
BPO,PIROL,Germany
BPS,BASE,Hungary
BPT,BONUS,United Kingdom
BPX,BLUE PHOENIX,United States
BQB,ICE,Austria
BRA,BELRESCUE,Belarus
BRB,BRA-TRANSPAEREOS,Brazil
BRC,BRAVI,Bulgaria
BRD,BRIDGES,Malta
BRE,AVIABREEZE,Ukraine
BRF,AIR BRAVO,Uganda
BRG,BERING AIR,United States
BRH,BRIGHTSTAR,South Africa
BRI,BARRICK,Chile
BRJ,BAIRLINE,Austria
BRK,BARTOK,Hungary
BRL,BRASS LINE,Nigeria
BRN,BRANSON,United States
BRO,BROADSWORD,United Kingdom
BRP,AEROBRA,Russia
BRQ,BURAQAIR,Libya
BRR,MOUNTAIN AIR,United States
BRS,BRAZILIAN AIR FORCE,Brazil
BRT,BRITISH,United Kingdom
BRU,BELARUS AVIA,Belarus
BRX,BRAATHENS,Sweden
BRY,BURAIR,Kazakhstan
BRZ,GREMAIR,Georgia
BSA,BISSAU INTERNATIONAL,Guinea-Bissau
BSC,BIG SHOT,Kyrgyzstan
BSD,AIRLINES STAR,Mexico
BSF,BLUE LIGHT,Vietnam
BSH,CAPITAL ROTOR,China
BSJ,SKYBUS JET,Bahamas
BSK,BISCAYNE,United States
BSL,AIRBRASIL,Brazil
BST,BIG STATE,United States
BSV,BLUESTARVEN,Venezuela
BSX,BASSAKA,Cambodia
BSY,BIG SKY,United States
BTA,BELCANTO,Belarus
BTC,OCTOPUS,Spain
BTH,BALTIJAS HELICOPTERS,Latvia
BTI,AIRBALTIC,Latvia
BTK,BATIK,Indonesia
BTL,BALTIA,United States
BTM,BLUE TEAM,Spain
BTN,BHUTAN AIR,Bhutan
BTP,BAHRIA TOWN,Pakistan
BTQ,BOUTIQUE,United States
BTU,ROLLS,United Kingdom
BTX,BEETLE,Germany
BTZ,BRISTOW GROUP,United States
BUC,EUROCHARTER,Bulgaria
BUF,SPEEDHAWK,Kenya
BUG,HEXBUG,United States
BUR,AIR BUCHAREST,Romania
BUT,BUTLERS,Bahamas
BUY,BERMUDA,Bermuda
BVA,BUFFALO AIR,United States
BVG,BEEVEEGEE VIAJES,Mexico
BVI,DRAKE,United Kingdom
BVL,BULGARY,Bulgaria
BVN,SHOW-ME,United States
BVR,BAVARIAN,Germany
BVT,BERJAYA,Malaysia
BWA,CARIBBEAN AIRLINES,Trinidad and Tobago
BWD,BLUEWEST,Denmark
BWI,BLUE TAIL,Suriname
BWJ,BELLAWING,China
BWK,ALTERAERO,Mexico
BWM,BEIRUT WINGS,Lebanon
BWS,BASS EXEC,South Africa
BWY,BROADWAY,United Kingdom
BXA,BEXAIR,Bahrain
BXJ,BRIXTEL JET,United States
BXR,BOXER,United States
BXX,STRONGBOX,United States
BYA,BERRY,United States
BYB,BYBLOS BIRD,Lebanon
BYC,BAYON AIR,Cambodia
BYD,BEOND,Maldives
BYF,BAY FLIGHT,United States
BYG,BYGONE,United States
BYS,BEL SKY,Belarus
BZA,BONAN AIR,Mexico
BZE,ZENSTAR,United Kingdom
BZP,JASS,Nigeria
BZQ,STING,Canada
BZS,BINIZA,Mexico
BZY,BREEZY,United States
BZZ,BUZZARD,United Kingdom
CAA,INSPECTOR,Czech Republic
CAB,CHESAPEAKE AIR,United States
CAC,CONQUEST AIR,United States
CAD,CARDIG AIR,Indonesia
CAE,EXPRESS CENTRAF,Central African Republic
CAH,SMARTAIR,Italy
CAI,CORENDON,Turkey
CAJ,CAR LINE,France
CAK,CACTUS,United States
CAL,DYNASTY,China
CAM,AIR CAMAI,United States
CAN,GOBER AIR,Niger
CAO,AIRCHINA FREIGHT,China
CAP,CAP,United States
CAQ,QAZAQ EAGLE,Kazakhstan
CAR,QUEBEC ROMEO,Central African Republic
CAS,CHRISTMAN,United States
CAT,AIRCAT,Denmark
CAU,CANARIAS LINK,Spain
CAV,CALM AIR,Canada
CAW,COMMERCIAL,South Africa
CAX,CONSORCIO,Mexico
CAY,CAYMAN,United Kingdom
CAZ,EUROCAT,Switzerland
CBA,CALIBRA,Czech Republic
CBB,CARGO-BEE,Belgium
CBC,SKY SHARE,United States
CBD,CATBIRD,United States
CBG,GREEN CITY,China
CBH,CLUB HOUSE,United States
CBJ,CAPITAL JET,China
CBL,COLOMBE LINE,Burkina Faso
CBM,CAMBRIAN,United Kingdom
CBN,CARBONDALE,United States
CBO,TAXI CABO,Mexico
CBR,STRIKE,South Africa
CBS,AIR COLUMBUS,Ukraine
CBT,CATALINA AIR,United States
CBV,CABOAEREO,Mexico
CBW,SUPERWINGS,China
CBX,COBREX,Romania
CBY,TYPHOON,United Kingdom
CBZ,COOL BREEZE,United States
CCA,AIR CHINA,China
CCB,DOLPHIN,Barbados
CCC,GLOBAL CARGO,Slovakia
CCD,XIANGJIAN,China
CCH,CHILCHOTA,Mexico
CCI,KUNGFU,China
CCJ,CAP JET,United States
CCK,CARLISLE AIR,United States
CCL,ANGKOR WAT,Cambodia
CCM,CORSICA,France
CCO,AVIC CARGO,China
CCP,CHAMPION AIR,United States
CCQ,CAP CITY,United States
CCS,COMAC EXPRESS,China
CCT,CONNECT,Canada
CCW,COPTRADE AIR,Sudan
CCY,CHERRY,United States
CDA,AEROCARDAL,Chile
CDC,LOONG AIR,China
CDE,COMEX,United Kingdom
CDF,SERVICIO AEREO,Mexico
CDG,SHANDONG,China
CDL,CAROLINA,United States
CDO,TCHADIA,Chad
CDQ,CHODANG FLIGHT,South Korea
CDR,CANADAIR,Canada
CDS,SPECDAS,South Africa
CDT,AEROREUS,Spain
CDV,SKOL,Russia
CDX,CEDAREX,Lebanon
CDY,CADDY,United Kingdom
CEA,CORP-X,United States
CEB,CEBU AIR,Philippines
CEE,CENTRA AEREOS,Mexico
CEF,CZECH AIR FORCE,Czech Republic
CEG,CEGA,United Kingdom
CEL,CEIBA LINE,Equatorial Guinea
CEN,SHUMBA,Zimbabwe
CEO,JETSET,Indonesia
CEP,CHIPOLA,United States
CER,COSMER,Mexico
CES,CHINA EASTERN,China
CET,CENTRAFRICAIN,Central African Republic
CEU,ASAS AIR,Brazil
CEV,CENTEV,France
CEW,TRYDONAIR,Central African Republic
CEY,CENTURYFLIGHT,Dominican Republic
CEZ,CESSZANI,South Africa
CFA,FEILONG,China
CFB,FOREBASE,China
CFC,CANFORCE,Canada
CFD,AERONAUT,United Kingdom
CFE,FLYER,United Kingdom
CFF,AEROFAN,Spain
CFG,CONDOR,Germany
CFH,CARE FLIGHT,Australia
CFI,CHINA JET,China
CFL,CALIBRATION,Sweden
CFN,CHURCH FENTON,United Kingdom
CFR,CALFIRE,United States
CFS,EMPIRE AIR,United States
CFT,CASPER FREIGHT,United States
CFU,MINAIR,United Kingdom
CFV,CALAFIA,Mexico
CFX,CEEFA CHARTER,South Africa
CFZ,ZHONGFEI,China
CGA,CONGRESSIONAL,United States
CGB,COMGLOB,Mexico
CGC,CAL-GULF,Sao Tome and Principe
CGE,COLLEGE,New Zealand
CGF,CLEVER,Bulgaria
CGG,CHARGE,United States
CGH,WELKIN,China
CGI,COASTGUARD IRELAND,Ireland
CGL,AVIA COPTER,Mexico
CGN,CHANG AN,China
CGO,WILD ONION,United States
CGP,CAPGROUP,Belgium
CGR,COMPRIP,Italy
CGS,GLOBAL SOUTH,United Arab Emirates
CGU,CHINGUETTI,Mauritania
CGV,CLUBE ALGARVE,Portugal
CGZ,COLORFUL,China
CHA,CHARTER CENTRAL,United States
CHB,WEST CHINA,China
CHC,CHINA HELICOPTER,China
CHD,CHKALOVSK-AVIA,Russia
CHE,CHECK AIR,United States
CHF,CHAO FEI,China
CHG,CHALLENGE,Belgium
CHH,HAINAN,China
CHI,COUGAR,Canada
CHJ,SHINING,China
CHK,CHALKS,United States
CHL,ULTRA,United Kingdom
CHN,CHANNEL,United States
CHO,CHROME AIR,Nigeria
CHQ,CHAUTAUQUA,United States
CHR,CHAIRMAN,United States
CHU,CHURCHAIR,United States
CHV,CHARTAIR,United States
CHX,CHRISTOPH,Germany
CHZ,CARGO ROCK,Malta
CIA,CALIMERA,Slovakia
CIC,CANAIMA,Venezuela
CIE,CZECHIA,Czech Republic
CIG,SIRIUS AERO,Russia
CIJ,NIKOLAUS,Romania
CIL,CIAF LEASING,Egypt
CIN,CINNAMON,Sri Lanka
CIO,CIOCCO,Italy
CIR,AIR ARCTIC,United States
CIS,CAT ISLAND,Bahamas
CIT,ZANE,United States
CIV,CIVAIR,New Zealand
CIX,CONNEXION,Burundi
CJC,COLGAN,United States
CJE,CUSTOM JET,United States
CJI,SEA JET,United States
CJL,JETBUS,Canada
CJM,CHECKMARK,United Kingdom
CJR,CAVERTON AIR,Nigeria
CJS,COMMONWEALTH,United States
CJT,CARGOJET,Canada
CJX,AIR CRANE,China
CJZ,CALIBER JET,United States
CKA,COOK-AIR,United States
CKE,CHECKMATE,United States
CKJ,PLAAF,China
CKK,CARGO KING,China
CKL,SPACE,Benin
CKM,RIVAFLECHA,Spain
CKR,CROWN AIR,United States
CKS,CONNIE,United States
CLA,ATLANTIC,Venezuela
CLB,CALIBRATOR,United Kingdom
CLC,MOTHERSHIP,South Africa
CLD,CLOWES,United Kingdom
CLE,COLEMILL,United States
CLF,CLIFTON,United Kingdom
CLG,CHALLAIR,France
CLH,HANSALINE,Germany
CLI,CLICKJET,Spain
CLJ,CELLOJET,United Kingdom
CLK,CLARKAIR,United States
CLL,AEROCASTILLO,Mexico
CLM,CARGO LINK,Barbados
CLN,CLEOPATRA,Egypt
CLP,CLUB PORTUGAL,Portugal
CLR,CLINTON AIRWAYS,United States
CLU,FIREBIRD,United Kingdom
CLV,AEROTRAINING,Czech Republic
CLW,CENTRALWINGS,Poland
CLX,CARGOLUX,Luxembourg
CLY,CLAY-LACY,United States
CLZ,CLOUDLINE,South Africa
CMA,FRENCH CARGO,France
CMB,CAMBER,United States
CMC,ESTERLINE,Canada
CMD,CALSTAR MED,United States
CME,COMMERCE BANK,United States
CMF,COMPASSION,United States
CMG,SUNSPY,Nigeria
CMH,COMMODORE,United Kingdom
CMI,AIR MIKE,United States
CMM,CAMEX ADRIA,Slovenia
CMN,CIMMARON AIRE,United States
CMO,CAMELOT,South Africa
CMP,COPA,Panama
CMR,CAMEO,United Kingdom
CMS,CAMEX,Georgia
CMT,CASEMENT,United States
CMV,CALIMA,Spain
CMX,EL CAMINANTE,Mexico
CMZ,CEE-EM STAIRS,Mauritania
CNA,CANAVIA,Spain
CNB,CITYHUN,Hungary
CNC,CENCOR,Mexico
CND,DUTCH CORENDON,Netherlands
CNF,CANARY,Spain
CNG,SID-AIR,United States
CNI,SERAER,Cuba
CNK,CHINOOK,Canada
CNL,WYO-AIR,United States
CNM,MENGYUAN,China
CNO,SCANOR,Norway
CNR,CONAERO,United States
CNS,CHRONOS,United States
CNT,CONNECT CARGO,Brazil
CNU,AIR CONSUL,Spain
CNV,CONVOY,United States
CNW,TANG,China
COB,COBRA JET,Egypt
COG,CONGO AIR,DR Congo
COI,COAVIATION,Venezuela
COJ,CORAL JET,Bermuda
COL,COLONY,United States
COM,COMAIR,United States
CON,CONOCO,United States
COO,COVE,United States
COP,COPPER STATE,United States
COS,COASTAL JET,United States
COT,MARA,Venezuela
COV,HELICENTRE,United Kingdom
COW,COWI,Denmark
COX,COX AVIACION,Mexico
COY,COYNE AIR,United Kingdom
COZ,COSMIC AIR,Nepal
CPA,CATHAY,China
CPD,CAPITAL DELTA,Kenya
CPF,CAP-FLIGHT,United States
CPG,CORPORANG,Mexico
CPI,AIRCAI,Italy
CPJ,DRAGON EYE,Cayman Islands
CPK,CEDAR,Russia
CPL,CHAPARRAL,United States
CPN,CASPIAN,Iran
CPO,MOKAN,United States
CPP,COPTERPLUS,Finland
CPR,CARIBE-PERU,Peru
CPT,AIR SPUR,United States
CPV,AIRCORPORATE,Italy
CPX,CAPAIR,United States
CQH,AIR SPRING,China
CQN,CHONG QING,China
CRA,CIMAS,Zimbabwe
CRB,CARIBBEAN COMMUTER,Suriname
CRC,CAMAIRCO,Cameroon
CRD,AIR CORRIDOR,Mozambique
CRE,CREAM CITY,United States
CRF,CROIX ROUGE,France
CRG,GREENAIR,Costa Rica
CRJ,AIR CRUZAL,Angola
CRK,BAUHINIA,China
CRL,CORSAIR,France
CRM,COMMANDERMEX,Mexico
CRN,CARSON,Canada
CRO,CROWN AIRWAYS,United States
CRP,AEROTRANSCORP,Mexico
CRQ,CREE,Canada
CRR,RAILCAR,Canada
CRS,COMERCIAL AEREA,Mexico
CRT,CARIBINTAIR,Haiti
CRU,VIC-STARLIT,Mexico
CRV,ACROPOLIS,United Kingdom
CRW,CENTRAL AMERICAN,Honduras
CRX,CROSSAIR,United Kingdom
CRY,CERNEY,United Kingdom
CSA,CSA-LINES,Czech Republic
CSB,CARGO SOUTH,United States
CSC,SI CHUAN,China
CSD,DELIVERY,United States
CSF,CALEDONIAN,United Kingdom
CSG,SOUTHERN CARGO,China
CSH,SHANGHAI AIR,China
CSI,SANDIA,United States
CSJ,CASTLE,United States
CSK,CASCADE,United States
CSL,CALIFORNIA SHUTTLE,United States
CSM,CSM SERVICIOS,Mexico
CSN,CHINA SOUTHERN,China
CSO,CASAIR,United States
CSP,CASPER AIR,United States
CSQ,CHASQUI,United States
CSR,CAESAR,Germany
CSS,SHUN FENG,China
CST,SHORELINE,United States
CSV,COASTAL TRAVEL,Tanzania
CSW,EIGER,Switzerland
CSX,CHOICE AIR,United States
CSY,SHUANGYANG,China
CSZ,SHENZHEN AIR,China
CTA,CHAR-TRAN,United States
CTB,SUNNYHEART,Spain
CTD,AEROCORPORATIVOS,Mexico
CTE,CORNERSTONE,United States
CTF,CUTTER FLIGHT,United States
CTG,CANADIAN COAST GUARD,Canada
CTH,TONGHANG,China
CTJ,TIANJIN CARGO,China
CTK,COSTOCK,United Kingdom
CTL,CENTRAL COMMUTER,United States
CTM,COTAM,France
CTN,CROATIA,Croatia
CTP,WOODSIDE,United States
CTR,CENTAURO,Mexico
CTS,EXECUTIVE,Mexico
CTT,CATT,United States
CTU,CITYWINGS,Russia
CTV,SUPERGREEN,Indonesia
CTW,THIRD CARGO,Panama
CTX,CENTEN,United States
CTY,CENTURY,United States
CUA,CHINA UNITED,China
CUB,CUBANA,Cuba
CUH,LOULAN,China
CUJ,CLUB JET,United States
CUK,CHUKKA,United Kingdom
CUL,COULSON,United States
CUO,CUAHONTE,Mexico
CUS,CUSTOM,Australia
CUT,COURT AIR,South Africa
CVA,CHATHAM,New Zealand
CVE,KABEX,Cape Verde
CVF,CLOVERLEAF,United States
CVJ,COMEREJECUTIVA,Mexico
CVK,CARGO LINE,Ukraine
CVO,CENTERVOL,Spain
CVR,CHEVRON,United States
CVS,CONVERS,Russia
CVU,CANYON VIEW,United States
CVV,COMERAVIA,Venezuela
CVX,CIACA,Venezuela
CVZ,CARIBE,Venezuela
CWA,CAN WEST,Canada
CWC,CHALLENGE CARGO,United States
CWG,CLEAR WING,United States
CWH,WARPLANE HERITAGE,Canada
CWL,CRANWELL,United Kingdom
CWM,AIR MARSHALLS,Marshall Islands
CWN,CROWN AIRLINES,Libya
CWR,CITY WORLD,China
CWS,CRETAN,Greece
CWX,CROW EXPRESS,United States
CWY,CAUSEWAY,United Kingdom
CWZ,CAPWINGS,United States
CXA,XIAMEN AIR,China
CXB,STARLUX,Netherlands
CXE,CAICOS,United Kingdom
CXF,CARDS FLIGHT,United States
CXI,TOURISTIC,Malta
CXK,CAREER TRACK,United States
CXN,STRONG AIR,China
CXS,CLIPPER CONNECTION,United States
CXT,COASTAL,United States
CYA,CHEYENNE AIR,United States
CYC,CIRCADIAN,United States
CYE,SAKIRA,China
CYF,TUS AIR,Cyprus
CYH,YUHAO,China
CYL,CITYLINER,Italy
CYN,COLOR JET,China
CYO,COYOTE,United States
CYP,CYPRUS,Cyprus
CYT,CRYSTAL AIR,United States
CYZ,CHINA POST,China
DAA,DECUR,United States
DAC,DOMINION AIR,Nigeria
DAD,DEWAN EXPRESS,Pakistan
DAE,YELLOW,Panama
DAF,DANISH AIRFORCE,Denmark
DAH,AIR ALGERIE,Algeria
DAI,DENA,Iran
DAK,DUCK AIRWAYS,Malta
DAL,DELTA,United States
DAN,DANACO,Nigeria
DAP,DAP,Chile
DAR,DANISH ARMY,Denmark
DAS,TYLOS,Bahrain
DAV,DANA AIR,Nigeria
DAY,DAYA,Sri Lanka
DAZ,DEZERT AIR,United States
DBA,DOUBLE-A,United States
DBC,DIAMOND BACK,United States
DBJ,DUCHESS,United Kingdom
DBP,AFRICAN,DR Congo
DBT,STAR SHIP,Portugal
DCA,DELCARIBE,Mexico
DCC,CARICARGO,Barbados
DCD,DUCARD,Angola
DCF,DESERT STAR,United Arab Emirates
DCL,DON CARLOS,Chile
DCM,DOT COM,United States
DCN,DIPLOMATIC CLEARANCE,Germany
DCO,AEROJAZ,Mexico
DCP,NILECAT,Kenya
DCS,TWIN STAR,Germany
DCT,AIRTASK,United Kingdom
DCU,OCEAN STAR,San Marino
DCV,DISCOVERYJET,Nigeria
DCW,MALTA STAR,Malta
DCY,DUCOY,Spain
DDA,DUSTY,United States
DDY,DANDY,Mexico
DEC,DECCAN CARGO,India
DEE,TACAIR,United States
DEF,TIRPA,France
DEK,DEK AERO,Belarus
DEM,DESTILA MIELES,Mexico
DER,DEER JET,China
DES,DESTINIA,Mexico
DEV,RED DEVILS,United Kingdom
DEX,ASIAN AIR,Thailand
DFA,ABLE,United Kingdom
DFC,DARK BLUE,Czech Republic
DFL,MEDIFLIGHT,Sweden
DFS,DWYAIR,United States
DGA,YELLOW RIVER,China
DGJ,DEEGA JET,Germany
DGO,DGO JET,Mexico
DGT,DIGITAL,United States
DGV,SMART AIRLINES,Armenia
DGX,DASNA,Switzerland
DHA,YELLOW TAIL,Austria
DHC,DEHAVILLAND,Canada
DHE,HELIDAP,Chile
DHK,WORLD EXPRESS,United Kingdom
DHL,DAHL,United States
DHR,DARK HORSE,United States
DHV,WORLDSTAR,South Africa
DHX,DILMUN,Bahrain
DIA,BLUE SKY,United States
DIC,AEROMEDICA,Mexico
DIG,DAC AIR,Ghana
DIR,DIREKT WINGS,Romania
DIS,AERODIS,Spain
DJA,ANTINEA,Algeria
DJH,JET FLAG,China
DJR,DESERT JET,United States
DJT,DREAMJET,France
DKA,DOKIA AIR,Romania
DKE,DUKE,United Kingdom
DKH,AIR JUNEYAO,China
DKN,AIR DECCAN,India
DKR,DIMA,Bulgaria
DKT,DAKOTA,United States
DKZ,NOMAD,Kazakhstan
DLA,DOLOMITI,Italy
DLB,AIRLINK BAHAMAS,Bahamas
DLC,SOARCOPTER,China
DLF,RED WISENT,Poland
DLG,DELGOLFO,Mexico
DLH,LUFTHANSA,Germany
DLJ,DING AIR,China
DLK,DEKKANLANKA,Sri Lanka
DLR,DALA AIR,Nigeria
DLX,DREAMLINE,United States
DLY,DAILY,Germany
DMB,AERORENTAL,Panama
DMC,DINAMICAMONT,Mexico
DMD,DIAMONDJET,Namibia
DMI,AERODINAMICO,Mexico
DMJ,DAMOJH,Mexico
DML,DREAMLAND,Latvia
DMN,DIAMOND ACADEMY,Sweden
DMQ,DALO,Somalia
DMR,HELIDOSA,Dominican Republic
DMS,DIAMOND,Estonia
DNA,DAN AIR,Romania
DNC,FLYINGOLIVE,Spain
DND,DINDER,Sudan
DNU,DANU,Lithuania
DNY,DANISH NAVY,Denmark
DOC,HELIDOC,Norway
DOG,CANINE FLIGHT,United States
DOI,INTERIOR,United States
DOJ,JUSTICE,United States
DOK,DOCTOR,Denmark
DOL,DOLLAR SIGN,United States
DOM,DOME AIR,France
DON,DONAIR,United Kingdom
DOR,DORNIER,Germany
DOS,DOSAIR,United States
DOV,DOVAIR,Sudan
DOW,DOWNTOWN,United States
DPA,DAVID AIR,Sri Lanka
DPS,BLUE-GRAY,United States
DQA,SKY SURFER,Maldives
DRB,DIDIER,Chile
DRC,LEO PARC,DR Congo
DRD,AEREO DORADO,Mexico
DRE,MICHIGAN,United States
DRK,ROYAL BHUTAN,Bhutan
DRL,DRILLER,United States
DRM,DARTMOOR,United Kingdom
DRO,ADRO SERVICIOS,Mexico
DRS,DREAMSHORE,United States
DRU,MIRNY,Russia
DRY,DERAYA,Indonesia
DRZ,DERAZONA,Indonesia
DSA,DANBURY AIRWAYS,United States
DSF,DASSAULT FRANCE,France
DSH,SHOHIN,Tajikistan
DSM,LAN AR,Argentina
DSO,DASSAULT,France
DSP,SURAVIATION,Spain
DSQ,DASAB AIR,Nigeria
DSR,DAIRAIR,Uganda
DST,STAR AVIATION,Algeria
DSU,DELTA STATE,United States
DSW,SEA STAR,Germany
DTA,DTA,Angola
DTG,ZENA,Georgia
DTH,TASSILI AIR,Algeria
DTL,AERO DILI,East Timor
DTN,DATA AIR,Sudan
DTO,AERODESIERTO,Chile
DTR,DANISH,Denmark
DUA,DUSHANBE AIR,Tajikistan
DUB,DUBAI,United Arab Emirates
DUC,RICHAT,Mauritania
DUG,ATSAVEN,Venezuela
DUN,DUNAIR,Mauritania
DVI,AERO DAVINCI,Mexico
DVN,ADVENTIA,Spain
DVR,DIVI AIR,Netherlands
DVY,DEVIL RAY,United States
DVZ,AEROTAXI DVZ,Mexico
DWC,SMOOTH,San Marino
DWG,DARK WING,United States
DWI,DOMINICAN,Dominican Republic
DWR,DELAWARE,United States
DWW,PRIVATE JET,Germany
DXE,BLACK SWAN,Malta
DXH,EAST STAR,China
DXT,DEXTER,Russia
DYM,DYNAMIC SKY,Spain
DYN,AERODYNAMICS,United States
DZD,YAZD AIRWAYS,Iran
DZR,DOZER,United States
EAA,IMOLA,San Marino
EAC,EXECAIR,United States
EAD,AERO-ESCOLA,Portugal
EAF,ELECTRA,Bulgaria
EAG,GREENSTONE,United Kingdom
EAI,GEMSTONE,Ireland
EAJ,ENKA JET,Turkey
EAK,EAKAZ,Kazakhstan
EAL,EASTERN,United States
EAM,EMBASSY AIR,Nigeria
EAN,NIGERIA EXPRESS,Nigeria
EAO,MARINO,San Marino
EAP,AERO-PYRENEES,France
EAR,EJECUTIVO-AEREO,Mexico
EAS,AEROSPACE,South Africa
EAT,TRANS EUROPE,Slovakia
EAU,ELITE,Malta
EAW,WALYA,Ethiopia
EAX,AEREAS,Spain
EBE,MINEBEA,Thailand
ECA,DARK KNIGHT,Germany
ECC,ECLAIR,Czech Republic
ECD,ECOTOUR,Mexico
ECF,EUROCOPTER,France
ECI,EASTERN CAROLINA,United States
ECJ,EASTCOAST JET,United States
ECL,AERO CASTELLANA,Spain
ECM,AERO COMERCIALES,Mexico
ECN,EURO CONTINENTAL,Spain
ECO,ECOJET,Bolivia
ECQ,SKYBRIDGE,Nigeria
ECR,ENERGIA,Mexico
ECT,EASTWAY,South Africa
ECW,ECOTRAVEL,Burkina Faso
ECX,AIR ECOMEX,Angola
EDA,CARGO LIFT,Jamaica
EDC,SALTIRE,United Kingdom
EDD,LINEAS DURANGO,Mexico
EDG,JET EDGE,United States
EDL,POLICE EDELWEISS,Germany
EDO,EDACOM,Slovenia
EDR,BIRDVIEW,Suriname
EDV,ENDEAVOR,United States
EDW,EDELWEISS,Switzerland
EDY,SOLWAY,United Kingdom
EEF,ESTONIAN AIRFORCE,Estonia
EEL,SOLACE,United Kingdom
EEM,EJEAERMEX,Mexico
EES,EAGLE STAR,Serbia
EEU,EUROFLY,Italy
EFA,EXPRESS FREIGHT,Australia
EFB,EMERALD JETS,Lebanon
EFC,AL WASEL,United Arab Emirates
EFD,EVER FLIGHT,Germany
EFE,EFREIGHT SUDAN,Sudan
EFF,EMERALD,Ireland
EFG,ELIFRIULIA,Italy
EFS,EFAOS,Angola
EFT,ZIPLINE,United States
EFW,GRIFFIN,United Kingdom
EFX,EASY EXPRESS,Bangladesh
EGA,AIR EAGLE,Pakistan
EGC,EAGLE CREEK,United States
EGE,EAGLE AIR,United States
EGL,PRESTIGE,United Kingdom
EGM,EGAMS,Equatorial Guinea
EGO,GAUTENG,South Africa
EGS,EVERGLADES,United States
EGT,BULGARIAN JET,Bulgaria
EGU,AFRICAN EAGLE,Uganda
EGV,GLEISNER,Chile
EGW,EGOL,Italy
EHC,FLY HELI,Netherlands
EHD,PLATINUM AIR,United States
EHN,EAST HORIZON,Afghanistan
EHR,ROTOR,Iceland
EIA,EVERGREEN,United States
EIC,EXCARGO,Sao Tome and Principe
EIN,SHAMROCK,Ireland
EIS,COOL,Germany
EIX,STELLAR,Ireland
EJA,EXECJET,United States
EJE,VOODOO,China
EJM,JET SPEED,United States
EJO,MIDJET,United Arab Emirates
EJP,EJECORPORATIVOS,Mexico
EJS,EEJAY SERVICE,Czech Republic
EJT,ECLIPSE JET,United States
EJU,ALPINE,Austria
EJV,EJECUTIVA,Mexico
EKA,EQUAFLIGHT,Congo
EKC,BLUE GOOSE,United States
EKJ,EQUAJET,Congo
EKO,ECOAIR,Latvia
EKT,BLUE KNIGHT,Malta
ELB,ELLINAIR HELLAS,Greece
ELE,EUROLINE,Spain
ELF,ELLASJET,Greece
ELG,ELANGENI,Austria
ELH,LARIO,Italy
ELI,ELIO,Czech Republic
ELJ,TOPJET,Slovakia
ELN,ELIN BIRD,Nigeria
ELO,EUROLOT,Poland
ELT,ELLIOTT,United States
ELU,EGYPTIAN LEISURE,Egypt
ELV,ELVETIA,Mexico
ELW,YELLOW WINGS,Kenya
ELX,ELAN,United States
ELY,ELAL,Israel
ELZ,ELITE AIR,United States
EMB,EMBRAER,Brazil
EMC,NIGHTINGALE,United Kingdom
EMD,EAGLEMED,United States
EME,EMAIR,United States
EMI,BLUE SHUTTLE,Nigeria
EMJ,LIGHT HOUSE,United States
EML,EMALUSA,Portugal
EMM,RULER,Malta
EMO,EMOTION,Austria
EMP,EMPIRE,United States
EMR,ZEMMOUR,Mauritania
EMS,SERVIEMPRESARIAL,Mexico
EMT,EMETEBE,Ecuador
EMZ,EMOZ,Mozambique
ENA,ENA,Spain
ENC,ENDECOTS,Ecuador
END,ARRENDADORA,Mexico
ENE,JET-ENER,Mexico
ENF,ENAV CHECK,Italy
ENG,CROSS CLAMP,United States
ENK,SUNBIRD,United States
ENL,OPTIMOS,Mexico
ENS,ENTERGY SHUTTLE,United States
ENT,ENTERAIR,Poland
ENW,AERONOR,Spain
ENY,ENVOY,United States
ENZ,ENZO,United Kingdom
EOA,LOMBARDA,Italy
EOK,AEROHANGUK,South Korea
EOL,EOLE,France
EOP,EOLO PLUS,Mexico
EOS,ELIOSSOLA,Italy
EPA,DONGHAI AIR,China
EPB,DONG JET,China
EPC,EUROPILOT,Belgium
EPE,SWIFT CARGO,Pakistan
EPI,EPIC RED,United States
EPJ,ESPEJO,Spain
EPL,EMPRESARIALES,Mexico
EPR,EMPEROR,Slovenia
EPS,EPPS AIR,United States
EPT,TAMEP,Bolivia
EPU,ELITACAPULCO,Mexico
EQE,EUROJET,Malta
EQL,EQUATORIAL,Sao Tome and Principe
EQR,EQUATORIAL CONGO,Congo
EQT,EQUITY,United Kingdom
EQX,EQUINOX,Ecuador
ERA,ROCAN,Mexico
ERD,AIR EMERALDS,Serbia
ERE,AIR ERIE,United States
ERF,GULLIVER,Russia
ERH,ERA,United States
ERI,ASERGIO,Mexico
ERK,AEROSEC,Chile
ERL,AEROLAB,Mexico
ERM,EOMAAN,Mexico
ERN,ERNEST,Italy
ERO,AEROECOM,Venezuela
ERU,RIDDLE,United States
ERX,EARTH AIR,Nigeria
ERY,ERIE SHORE,United States
ESA,MALAGAIR,Spain
ESC,SOLAMERICA,Venezuela
ESD,EASTINDO,Indonesia
ESE,ENSENADA ESPECIAL,Mexico
ESF,ESTAFETA,Mexico
ESK,ELITE SKY,DR Congo
ESM,EXEC AIRCRAFT,Lebanon
ESQ,EUROP STAR,Austria
ESR,EASTARJET,South Korea
ESS,THAI STAR,Thailand
EST,REVAL,Estonia
ESU,EMTRASUR,Venezuela
ESW,W-BUSINESS,Azerbaijan
ESX,CATFISH,United Kingdom
ESY,DONOSTI,Spain
ETA,TIME MACHINE,United States
ETC,TRANATTICO,Sudan
ETD,ETIHAD,United Arab Emirates
ETE,SAELITE,Mexico
ETH,ETHIOPIAN,Ethiopia
ETI,JETHAWK,Sweden
ETJ,EAST TAJIK,Tajikistan
ETL,ENTEL,United States
ETM,ETRAM,Angola
ETN,CHIMNIR,Israel
ETP,TESTER,United Kingdom
ETR,ESTEL,Venezuela
ETS,ELTSOVKA,Russia
ETZ,AERO ZODIAC,Mexico
EUK,GREEN FLIGHT,United Kingdom
EUL,EUROLINK,Germany
EUP,SAVOY,France
EUS,EURUS,Mexico
EUW,EUROWEST,Sweden
EVA,EVA,China
EVC,EVER CLEAR,United States
EVE,EVELOP,Spain
EVJ,EVERJETS,Portugal
EVK,EVERETT,Kenya
EVL,EVOLEM,France
EVM,SCIENCE,United Kingdom
EVQ,EVERETT AIR,Mozambique
EVR,DIANA,Portugal
EVX,GREEN SPIRIT,France
EWA,EWEST,South Korea
EWG,EUROWINGS,Germany
EWL,BLACK PEARL,Malta
EWR,MAYOTTE AIR,France
EWS,EAST WEST,Syria
EWZ,E-WING,Kazakhstan
EXA,CANADIANEXECAIRE,Canada
EXB,BRAZILIAN ARMY,Brazil
EXC,ECAIR,Venezuela
EXD,PLATINUM EXEC,South Africa
EXE,EXEC,United States
EXF,EXIMFLIGHT,Mexico
EXH,EXEC HELI,Ireland
EXJ,VOLANTE,United Kingdom
EXM,EXAM,United Kingdom
EXN,EXIN,Poland
EXP,ISLAND EXPRESS,United States
EXS,CHANNEX,United Kingdom
EXU,SACIR,Spain
EXV,EXPOAVIA,Sri Lanka
EXY,EXPRESSWAYS,South Africa
EXZ,TWIGA,Kenya
EYE,SOCKEYE,United States
EYH,GLASIMO,Mexico
EYT,JERNAS,United Arab Emirates
EZA,EZNIS,Mongolia
EZE,EASTFLIGHT,United Kingdom
EZI,JETZA,Mexico
EZJ,GUYANA JET,Guyana
EZR,EASYWAY,Netherlands
EZS,TOPSWISS,Switzerland
EZT,THAI EZY,Thailand
EZX,EAGLEXPRESS AIR,Malaysia
EZY,EASY,United Kingdom
EZZ,ENTERPRIZE,Croatia
FAC,COLOMBIAN AIR FORCE,Colombia
FAD,ADEAL,Saudi Arabia
FAE,ECUADORIAN AIRFORCE,Ecuador
FAF,FRENCH AIR FORCE,France
FAG,FUAER,Argentina
FAH,BLUE STRIP,Hungary
FAI,MOTOR-CITY,United States
FAJ,AMANJET,Syria
FAK,FACTS,United States
FAL,FRIENDSHIP,United States
FAM,FAMEX,Mexico
FAN,FANBIRD,Angola
FAO,PANTHER,United States
FAP,FAIR SCHOOL,Czech Republic
FAR,TORRO,Germany
FAS,FLORIDA CARGO,United States
FAT,AIR TAXI,India
FAU,FALCON AIRLINE,Nigeria
FAV,FAIRAVIA,South Africa
FAW,FALWELL,United States
FAX,FAIRFAX,United States
FAY,FAYBAN AIR,Nigeria
FAZ,FLINT AIR,United States
FBA,IRAQ EXPRESS,Iraq
FBC,BLUE CRANE,South Africa
FBE,AFRIBEE,Mauritius
FBG,FLEET BIG,Bulgaria
FBJ,BABY JET,Ghana
FBN,FLORIDA TRANSPORT,United States
FBS,BOSNIA AIR,Bosnia and Herzegovina
FBU,FRENCH BEE,France
FBX,BUSINESS JET,Mexico
FBY,BAI FLY,Spain
FBZ,BONDI,Argentina
FCA,COOPAIR,Hungary
FCB,APOLLO,Cyprus
FCE,FLIGHT CHOICE,United States
FCH,SKY UNION,Tajikistan
FCJ,FRACJET,United States
FCK,NAV CHECKER,Germany
FCL,FLORIDA COASTAL,United States
FCM,FINNCOMM,Finland
FCO,AEROFRISCO,Mexico
FCP,FLIGHTCORP,New Zealand
FCS,NESA,Netherlands
FDA,FUJI DREAM,Japan
FDB,SKY DUBAI,United Arab Emirates
FDC,DIAMOND AIRLINE,Libya
FDJ,FREEDOM JET,United States
FDK,DAMAVIA,Syria
FDL,FARMINGDALE STATE,United States
FDM,LIBERTY,United States
FDN,FLYING DOLPHIN,United Arab Emirates
FDO,FRENCH CUSTOM,France
FDR,FEDAIR,South Africa
FDS,FLYDOC,Kenya
FDT,FREEDOM EAGLE,Kenya
FDU,EURASIAN,Tajikistan
FDX,FEDEX,United States
FDY,FRIENDLY,United States
FDZ,BLUE LUX,Luxembourg
FEA,FAR EASTERN,China
FEE,FARES,Venezuela
FEG,SKY EGYPT,Egypt
FEI,ARCTIC EAGLE,Iceland
FEM,ZIM AIRLINK,Zimbabwe
FEN,FENESTRON,United Kingdom
FEO,FERINCO,Mexico
FES,AERO ALFE,Mexico
FET,FREIGHT LINE,United States
FEX,FLIGHTEXEC,Canada
FFA,SUNSHINE,Ireland
FFC,FAIROAKS,United Kingdom
FFD,FLORIAN,Germany
FFE,SMART TRAINER,Germany
FFF,INTER FREEDOM,Nigeria
FFH,PEACE AIR,Nigeria
FFI,INFINIT,Spain
FFL,FOREFLIGHT,United States
FFM,FIREFLY,Malaysia
FFP,FLIGHT PRO,United States
FFS,FORESTRY,United States
FFT,FRONTIER FLIGHT,United States
FFU,FERRANTI,United Kingdom
FFV,SWIFT TANGO,Kenya
FFX,FLEX BRASIL,Brazil
FFY,FLYERS AIR,United States
FGA,GEORGIA FED,Georgia
FGB,KITEBIRD,France
FGC,FORESTALES,Spain
FGD,FIREGUARD,Canada
FGG,BLUEFINCH,Malaysia
FGN,FRANCE GENDARME,France
FGO,RED CARGO,France
FGP,FLYING CENTER,Russia
FGR,FRIGATE,United States
FGS,ELITELLINA,Italy
FHG,FLYING HOPE,Germany
FHM,EUROBIRD,Malta
FHR,HOPER HELI,Greece
FHS,SURYA,Indonesia
FHV,PATROL,Denmark
FHY,FREEBIRD AIR,Turkey
FIA,FIA AIRLINES,Moldova
FIB,THURAYA,Sudan
FIC,AEROSAFIN,Mexico
FIE,ARMRIDER,Armenia
FIH,FINNHEMS,Finland
FIK,FIKES,United States
FIL,FLYLINE,Spain
FIN,FINNAIR,Finland
FIS,SHERRY,United Kingdom
FIX,FOX AVIATION,Slovenia
FIZ,COCKTAIL,France
FJA,LINK FIJI,Fiji
FJB,FASTBIRD,Zambia
FJE,FANJET,Kenya
FJI,FIJI,Fiji
FJL,OKAAB,Pakistan
FJM,GREENHEART,Jamaica
FJO,FLEX EUROPE,Malta
FJR,SOLITAIRE AIR,Jordan
FJS,FLORIDAJET,United States
FJT,FUTURE AIR,China
FJW,ZIMBIRD,Zimbabwe
FKH,FLY KHIVA,Uzbekistan
FKS,FOCUS,United States
FKZ,KUMBA,Zimbabwe
FLA,BLUEROCK,Malta
FLB,ROSSIGNOL,Chad
FLC,FLIGHT CHECK,United States
FLD,DEDICATION,Malta
FLE,FLAIR,Canada
FLF,FRIEND AIR,Uganda
FLG,KRISH,India
FLH,MILE HIGH,United States
FLI,FAROELINE,Denmark
FLJ,FLEXAIR,United Kingdom
FLK,FLYLINK,Spain
FLL,FEDERAL AIRLINES,Sudan
FLN,BRAVE,Namibia
FLO,FLYCOM,Slovenia
FLP,PARAPRO,France
FLR,FLEETAIR,South Africa
FLS,RAPIDOS,Mexico
FLV,SKY RED,South Africa
FLW,FLITE WATCH,Malta
FLX,FLIGHT EXPRESS,United States
FLZ,FLIGHTLINK,Tanzania
FMA,FAASA,Spain
FMF,EGYPT ACADEMY,Egypt
FMG,HUSKY,Germany
FMI,GECKO,Myanmar
FMK,FLYMARA AIRLINES,Kenya
FML,EAGLE BIRD,Mali
FMR,FLAMINGO AIR,United States
FMS,HADI,Sudan
FMX,FASTMEX,Mexico
FMY,FRENCH ARMY,France
FNC,FINALAIR CONGO,Congo
FNF,FINNFORCE,Finland
FNG,FINNGUARD,Finland
FNK,FUNKY,Germany
FNL,FINN FLIGHT,Finland
FNO,RIAZOR,Spain
FNS,FINESSE,United Kingdom
FNY,FRENCH NAVY,France
FOA,FORTUNE AIR,South Africa
FOC,FOCA,Switzerland
FOE,FIRST EAGLE,Romania
FOF,FOFA,South Africa
FOH,ORION,Cyprus
FON,FLYINGTON,India
FOO,AUSTROJET,Austria
FOP,FOKKER SERVICES,Netherlands
FOR,FORMULA,United Kingdom
FOT,AVIFOTO,Spain
FOX,GREENSTAR,Norway
FOZ,STARS AIRWAYS,Syria
FPC,PRO CONNECT,United States
FPE,GAMER,Malta
FPF,SIJI,United Arab Emirates
FPI,PERSIA,Iran
FPK,FEATHER,Pakistan
FPL,FEDPOL,Australia
FPO,FRENCH POST,France
FPY,PLAYER,Iceland
FQA,QUIK LIFT,India
FRA,RUSHTON,United Kingdom
FRB,RAKWAY,United Arab Emirates
FRC,FRANCONIA,Germany
FRD,FORD,United States
FRE,FREEDOM,United States
FRF,FAIRFLEET,Hungary
FRG,FREIGHT RUNNERS,United States
FRI,FREEFLIGHT,South Africa
FRJ,AFRIJET,Nigeria
FRK,AFRIFAST,Kenya
FRN,FIRST NATION,Nigeria
FRO,FROST,Denmark
FRQ,CHARTER AFRIQUE,Cameroon
FRR,FRESH AIR,Nigeria
FRS,COMFORT SERVICIOS,Mexico
FRU,FRENCH RESCUE,France
FRV,REV AERO,United States
FRW,FARWEST,United States
FRX,FORT AERO,Estonia
FSA,FOSTER-AIR,United States
FSB,SEABIRD,Germany
FSC,FOUR STAR,United States
FSE,FALCO,Austria
FSF,ROCKY,Finland
FSH,SMART HAWK,Kyrgyzstan
FSJ,FREE SKY,China
FSK,AFRICAN SKY,South Africa
FSL,CRYSTAL LIGHT,Nigeria
FSO,SKY AIR,Slovakia
FSP,SNAPSHOT,United States
FSQ,KYRGYZ BIRD,Kyrgyzstan
FSR,FLIGHTSTAR,United States
FSS,ABACO,Bahamas
FST,FLIGHTRON,United States
FSU,UKRAINE BIRD,Ukraine
FSW,FASO,Burkina Faso
FSX,FLAG,United States
FSY,FROSTY,Canada
FTA,FRONTIER-AIR,United States
FTC,FANTASTIC,San Marino
FTD,FORTITUDE,United States
FTH,FOOTHILLS,United States
FTJ,HU TAI,China
FTK,FIRETAC,United States
FTL,FLIGHT-AVIA,Spain
FTM,FLYTEAM,United Kingdom
FTN,FRONTRUNNER,United States
FTO,WAGNER,United States
FTP,FOOTPRINT,United States
FTR,FINISTAIR,France
FTS,QUESTA,Malta
FTT,FAST AIR,United States
FTU,FLIGHT UNIVERSITY,China
FTX,TERRA DYNAMICS,Mexico
FTY,FLY TYROL,Austria
FTZ,GREY BIRD,Tanzania
FUC,FUMICAR,Ecuador
FUH,GALLANT,China
FUJ,FUJAIRAH,United Arab Emirates
FUL,ORANGE CRANE,Uganda
FUM,FUNLINE,Mexico
FUP,FUMIPALMA,Ecuador
FUS,FUMISOL,Ecuador
FUU,BLUE SPARROW,Serbia
FVA,AIR VIRGINIA,United States
FVJ,VALUEJET,Nigeria
FVS,FALCON AVIATION,United Arab Emirates
FWA,PINECONE,United States
FWD,FAIR WIND,United States
FWI,FRENCH WEST,France
FWK,FLIGHTWORKS,United States
FWL,FLO WEST,United States
FWR,FLIGHTAWARE,United States
FXA,EXPRESS AIRLINES,Egypt
FXC,FLEX COPTER,United States
FXI,FAXI,Iceland
FXJ,FLEX IRELAND,Ireland
FXP,SUNDIAL,Romania
FXW,FLEXWING,United States
FXZ,FLY EX,Zimbabwe
FYA,FLYANT,Spain
FYC,CHAM SKY,Syria
FYE,FLYME,Nigeria
FYG,FLYING GROUP,Belgium
FYJ,FASTJET,Poland
FYL,FLYINGLUX,Luxembourg
FYN,FLANDY,Indonesia
FYO,YEMEN WINGS,Yemen
FYS,EUROPEAN FLYERS,Spain
FYW,MAISBRASIL,Brazil
FZA,STRAIT AIR,China
FZW,FRESH EXPRESS,Zimbabwe
GAA,GLOBAL AFRICA,Zimbabwe
GAB,CALI,Costa Rica
GAC,DREAM TEAM,Austria
GAD,SOUTHCOAST,United Kingdom
GAE,GULF AVIATION,China
GAF,GERMAN AIR FORCE,Germany
GAG,GEEBIRD,Denmark
GAH,GAMHELICO,France
GAI,SURGUT STAR,Russia
GAJ,GAMA JET,United States
GAK,AVIAGROUP,Libya
GAL,ERRANTE,Venezuela
GAM,GERMAN ARMY,Germany
GAO,SOAR,Antigua and Barbuda
GAP,AIRPHIL,Philippines
GAR,GLORY AIR,Nigeria
GAS,GALENA AIR SERVICE,United States
GAT,GULF TRANS,United States
GAV,GRAVITY,Denmark
GAW,SKYCRAWLER,Kenya
GAX,GRAND AIRE,United States
GBA,GULF BAHRAIN,Bahrain
GBB,GLOBE,South Africa
GBC,GABON CARGO,Gabon
GBE,GABEX,Gabon
GBF,NIMBA,Burkina Faso
GBG,VAGABOND,Bulgaria
GBJ,GLOBAL THAI,Thailand
GBK,GABON AIRLINES,Gabon
GBL,LITGLOBE,Lithuania
GBM,BERIEV COMPANY,Russia
GBN,ATLANTIC GABON,Gabon
GBQ,GAMBIA BIRD,Gambia
GBR,GREENBRIER AIR,United States
GBS,GLOBAL SERVE,Nigeria
GBX,GEEBEE LINK,United States
GCA,AEROGECA,Dominican Republic
GCB,LINACONGO,Congo
GCC,GECAS,Ireland
GCF,AEROCARTO,Spain
GCI,ITALIAN COAST GUARD,Italy
GCK,GLOCK,Austria
GCL,SAXONIAN,Germany
GCM,GLOBECOM,South Africa
GCN,GULF CENTRAL,United States
GCR,BO HAI,China
GCS,SKY TEC,Costa Rica
GCW,GLOBALCREW,Denmark
GCY,HELIBIRD,United Kingdom
GDA,GLADIATOR,United Kingdom
GDB,BELGIAN GENDARMERIE,Belgium
GDC,GRAND CHINA,China
GDG,GOLDEN GATE,United States
GDH,RISING SUN,Turkey
GDK,GOLDECK FLUG,Austria
GDM,SMALL,Malta
GDR,GADAIR LINES,Spain
GDY,GUARDIAN,Australia
GEA,GLOBALAVIATION,Iraq
GEC,LUFTHANSA CARGO,Germany
GEE,GEMEX,Mexico
GEL,SKY GEORGIA,Georgia
GEN,GENSA-BRASIL,Brazil
GEO,APOLAX,Georgia
GER,GERMAN EAGLE,Germany
GES,GESTAIR,Spain
GET,AIR FLOW,Portugal
GEX,AERO GEORGIA,Georgia
GFA,GULF AIR,Bahrain
GFC,GAIL FORCE,United States
GFD,KITE,Germany
GFF,GREAT RIDE,United States
GFM,PARROT,Sweden
GFS,GULFSTAR,United States
GFV,GRUPO- AFA,Mexico
GFY,GROUND LOOP,United States
GGA,JAWJA,United States
GGC,LONG-HAUL,United States
GGE,ECUATO GUINEA,Equatorial Guinea
GGG,GENESIS,Nigeria
GGL,GIRA GLOBO,Angola
GGN,GREAT NORTH,Canada
GGT,THUNDERBALL,Bahamas
GGW,GIGAWATT,United States
GHA,SUTTER,United States
GHF,GHANA AIRFORCE,Ghana
GHK,GOLDEN HAWK,Canada
GHL,GUILIN ROTOR,China
GHN,AIR GHANA,Ghana
GHP,GRASSHOPPER EX,United States
GIA,INDONESIA,Indonesia
GIO,GIO-AVIA,Slovenia
GJA,GREY JAY,Canada
GJB,SKY TRUCK,United States
GJE,GLOBAL JETS,United States
GJI,GAINSTAR,Ireland
GJM,AIRHUB,Malta
GJS,LINDBERGH,United States
GJT,GETJET,Lithuania
GJW,PLATA,Netherlands
GKA,GOLDEN KNIGHTS,United States
GKS,SWARN,United Kingdom
GKY,GAMA CAYMAN,Cayman Islands
GLA,LAKES AIR,United States
GLB,GLOBAL,Ukraine
GLD,GOLDEN STAR,Sudan
GLE,GOLIAF AIR,Sao Tome and Principe
GLF,GULFSTREAM TEST,United States
GLG,GALAPAGOS,Ecuador
GLH,GULFHAWK,United States
GLJ,GLOBAL AUSTRIA,Austria
GLL,TWINS,Angola
GLO,GOL TRANSPORTE,Brazil
GLQ,QUILADA,Sudan
GLR,GLACIER,Canada
GLS,SEDBURGH,United Kingdom
GLT,GASLIGHT,United States
GLU,LAKES CARGO,Uganda
GLV,AVANTI,Venezuela
GLX,RUSSIAN BIRD,Russia
GLY,GALAXY AVIATION,Pakistan
GMA,GAMA,United Kingdom
GMC,GENERAL MOTORS,United States
GMD,GULF MED,Malta
GME,GLOBE MERIDIAN,Laos
GMG,GEE-EM HELICOPTERS,Latvia
GMH,HUGHES,United States
GMJ,GAMISA,Spain
GML,GEEANDEL,South Africa
GMN,GARMIN,United States
GMR,GOLDEN MYANMAR,Myanmar
GMS,GHADAMES,Libya
GMT,GRUPOMONTERREY,Mexico
GNA,SERVIGANA,Mexico
GNC,GUINEA CARGO,Equatorial Guinea
GND,GRAND VEGAS,United States
GNF,GREEN FLAG,Sudan
GNJ,GAIN JET,Greece
GNR,GAMBIA INTERNATIONAL,Gambia
GNX,AEROGENEX,Belarus
GNY,GERMAN NAVY,Germany
GNZ,GONZO,Poland
GOA,GOAN,India
GOC,GEOCUBA,Cuba
GOF,GOF-AIR,Mexico
GOJ,GOJET,United Kingdom
GOL,CARGOLAAR,Namibia
GOM,GOMEL,Belarus
GOP,GOSPA AIR,Mexico
GOS,GOLDEN SKY,Libya
GOW,GOAIR,India
GOZ,GROZNYY AVIA,Russia
GPA,GOLD PAC,United States
GPD,GOODSPEED,United States
GPL,GESPLANE,Spain
GPM,GRUPOMED,Spain
GPR,GPM AEROSERVICIO,Mexico
GPX,IVORY,Bulgaria
GRA,FLEX,South Africa
GRB,GRAY BIRD,United States
GRC,GRACE FLIGHT,United States
GRD,GRID,United Kingdom
GRE,HELIX,Denmark
GRF,SIMBA,South Africa
GRG,LELO,Georgia
GRL,GREENLAND,Denmark
GRM,GERONIMO,United States
GRN,GRANDE,United States
GRO,OAKLEAF,Romania
GRP,AIR FOX,United States
GRR,AGROAR,Portugal
GRV,EPSILON,Greece
GRX,GRODNO,Belarus
GRY,GRAY RIDER,United States
GSA,GARDEN STATE,United States
GSC,GRANDSTAR CARGO,China
GSF,AERO GESEF,Mexico
GSH,GAMAMENA,United Arab Emirates
GSI,SLOVENIA,Slovenia
GSJ,GROSSJET,Czech Republic
GSK,GLOBAL SKY,United States
GSL,SURVEY-CANADA,Canada
GSM,GESTAIR MALTA,Malta
GSN,GEOSAN,Mongolia
GSP,GLOBAL SCHOOL,Portugal
GSS,CARGO BIRD,San Marino
GST,SUPERTANK,United States
GSY,GRAY SKY,United States
GTA,CITY AIRWAYS,Thailand
GTF,GATOR FLIGHT,United States
GTH,GOTHAM,United States
GTI,GIANT,United States
GTP,GRUPOTAMPICO,Mexico
GTR,GALISTAIR,Malta
GTS,TRANSGROUP,Senegal
GTV,GAVIOTA,Cuba
GTW,GATEWAY,United States
GTX,BIG-DEE,United States
GUC,LEAF AIR,China
GUE,AERO GUERRERO,Mexico
GUG,AVIATECA,Guatemala
GUJ,GUJARATAIR,India
GUL,GULL-AIR,United States
GUM,GUM AIR,Suriname
GUN,HOOT,United States
GUY,GREEN BIRD,France
GVA,GRUPOVA,Mexico
GVN,GAVINA,Spain
GWA,G-W AIR,United States
GWC,GULF WINGS,United Arab Emirates
GWG,GREEN AFRICA,Nigeria
GWI,GERMAN WINGS,Germany
GWL,GREAT WALL,China
GWN,GEWAN,Kazakhstan
GWR,LEMON,Spain
GWS,GENAIR,South Africa
GWW,GLOBAL WINGS,Cayman Islands
GWY,GETAWAY,United States
GWZ,SUN BURN,Bahamas
GXA,GEMINI,United States
GYG,NATAKHTARI,Georgia
GYP,GYPSY,United Kingdom
GYR,GYROFER,France
GZP,GAZPROM,Russia
GZR,GEZIRA,United States
HAA,AGROFORESTAL,Chile
HAD,HAITI AVIA,Haiti
HAE,HOLLAND AIR,United States
HAF,HELLENIC AIR FORCE,Greece
HAG,HAGELAND,United States
HAH,HANMA,China
HAJ,DINGCHANG,China
HAK,HELIFALCON,Norway
HAL,HAWAIIAN,United States
HAN,KING BEE,Kenya
HAO,HARTY,Egypt
HAP,HELIPERSONAL,Mexico
HAR,HARBOR,United States
HAS,HONDURAS AIR,Honduras
HAT,SKY RUNNER,Malta
HAU,SKYHAUL,South Africa
HAV,HAVILAH,Nigeria
HAW,THAI HAWK,Thailand
HAX,SCOOP,Norway
HAY,HAYA,Saudi Arabia
HBA,HARBOR AIR,United States
HBC,HALISA,Haiti
HBH,HEBEI AIR,China
HBN,FINCH,Ireland
HBR,HEBRIDEAN,United Kingdom
HBT,HABICHT,Germany
HCA,HAVASU,United States
HCB,HELEN,Barbados
HCC,HELIANCO,Belgium
HCF,EAGLE,Malta
HCH,HELICA,Venezuela
HCK,HELI-CHARTER,United Kingdom
HCO,CONGO LIFT,Congo
HCP,HELI CZECH,Czech Republic
HCR,HIGH SCORE,Sweden
HCS,HELIWALES,United Kingdom
HCT,ROTORCAT,Spain
HCV,CREOLE,Cape Verde
HCX,CITY COPTER,Finland
HDA,DRAGON,China
HDB,HELIDEE,United Arab Emirates
HDC,HELICATALUNA,Spain
HDI,DINAMICOS,Mexico
HDL,HENDELL,Finland
HDM,HOG,United States
HDR,HELITRANS,Norway
HDT,HADHRAMOUT AIRWAYS,Yemen
HEA,HELIAVIA,Portugal
HEB,HELIBERNINA,Switzerland
HED,FLAPJACK,United Kingdom
HEE,HELIEJECUTIVO,Mexico
HEI,AEROHEIN,Chile
HEL,HELICOL,Colombia
HEM,HECOMEX,Mexico
HEN,HELINAC,Mexico
HEP,HELIPOLICE,Norway
HER,HERA,United States
HES,HOLIDAY EUROPE,Bulgaria
HET,HELITAF,Spain
HEV,HELIJECUTIVO,Mexico
HEW,HELIWATER,Poland
HEX,HONIARA CARGO,Solomon Islands
HEY,ZONDA,Poland
HEZ,ARROW,Israel
HFA,AIR HAIFA,Israel
HFD,HIGHFIELD,United Kingdom
HFJ,PANGU,China
HFL,LOADSTAR,Malta
HFM,MOONRAKER,Malta
HFY,SKY FLYER,Portugal
HGA,HALLA,Somalia
HGB,GREATER BAY,China
HGD,HANGDAE,South Korea
HGE,HOAGIE,United States
HGG,HI AIR,South Korea
HGH,HENLEY,South Africa
HGK,SALAAMA,Uganda
HGM,MAHSURI,Malaysia
HGO,HAMPTON,United Kingdom
HGR,HANG,United Kingdom
HGT,HIGHTECH,United States
HHA,ATLANTIC HONDURAS,Honduras
HHE,HELI HOLLAND,Netherlands
HHH,CORINIUM,United Kingdom
HHN,ROOSTER,Germany
HHS,HIJET,Suriname
HIB,HELIBRAVO,Portugal
HIF,HIFSA,Spain
HIL,HELI ALPES,Switzerland
HIM,HIMALAYA,Nepal
HIN,HOLDING GROUP,Mexico
HIP,STARSA,Mexico
HJA,AIRHAITI,Haiti
HJE,GOSA,Mexico
HJI,SHIV AIR,Uganda
HJL,BIZJET,United Kingdom
HJT,HELTAIR,Sudan
HKA,SPEND AIR,United States
HKB,CLASSIC,United States
HKC,MASCOT,China
HKE,HONGKONG SHUTTLE,China
HKG,HONGKONG GOVERNMENT,China
HKH,HAWKHUNGARY,Hungary
HKI,HAWKEYE,United States
HKL,HAK AIRLINE,Nigeria
HKN,HANKINS,United States
HKR,DATA BIRD,United States
HKS,HELIBUS,Norway
HKV,HUCAVEN,Venezuela
HKW,HAWK OWL,United States
HLA,HELLENIC ARMY,Greece
HLC,HELICAP,France
HLE,HELIMED,United Kingdom
HLF,HOMELAND,China
HLG,HELICAPITAL,Mexico
HLH,HALA AIR,Sudan
HLI,HELI SAINT-TROPEZ,France
HLJ,HELLOJETS,Romania
HLL,FUSION,United Kingdom
HLP,HELIPISTAS,Spain
HLR,HELI BULGARIA,Bulgaria
HLT,HELITAFE,Mexico
HLU,HELI UNION,France
HLV,SERVI HELI,Mexico
HLW,HELIWORKS,Chile
HLY,WHISPER,United Kingdom
HMB,HUMMINGBIRD,Canada
HMC,HELIAMERICA,Mexico
HMD,HAMMOND,United States
HMF,LIFEGUARD SWEDEN,Sweden
HMJ,HARMONY JETS,Malta
HML,HAMSAL,Nigeria
HMO,HELI-CORP,Mexico
HMP,PAPAIR TERMINAL,Haiti
HMZ,ARAS AIR,Turkey
HNA,HELLENIC NAVY,Greece
HND,HINTERLAND,Australia
HNJ,SOUTHERN JET,China
HNL,MAPLELEAF,Netherlands
HNR,HANAIR,Haiti
HNW,HONEYWELL,United States
HNX,SUPERB,China
HOA,HOLA,Spain
HOB,HOBBY JET,United States
HOD,HODHOD,Yemen
HOG,HOGAN AIR,Zambia
HOL,HOLIDAY,United States
HON,HONDA TEST,United States
HOP,AIR HOP,France
HOT,SUNNY SKY,Malta
HOV,SKY ELITE,Italy
HOZ,OZCA,Mexico
HPA,PEARL AIRWAYS,Haiti
HPE,HOPE AIR,United States
HPJ,HOPA-JET,United States
HPK,HOPSCOTCH AIR,United States
HPL,HELIPORTUGAL,Portugal
HPN,HARPOON,United States
HPO,ALMIRON,Uganda
HPP,SKY HOP,United States
HPR,HELIPRO,New Zealand
HPY,HAPPY TRAVEL,Thailand
HRA,ERICA,Spain
HRB,HAITI AIRLINE,Haiti
HRC,HARCO,United States
HRD,MARSHALL HERD,United States
HRE,HART AIR,Germany
HRF,HERO-FLIGHT,United States
HRN,HERONAIR,Germany
HRS,HORSEMEN,United States
HRT,CHARTRIGHT,Canada
HRV,SAHARA-SERVICE,Chad
HRZ,CROATIAN AIRFORCE,Croatia
HSA,DUMA,Kenya
HSE,HELISCAN,Norway
HSF,HAN-SEO FLIGHT,South Korea
HSH,HISPANICA,Spain
HSI,HELISWISS,Switzerland
HSJ,BAOSHENG,China
HSK,HALLA SKY,South Korea
HSM,HELIMALT,Malta
HSN,JAGUAR,Thailand
HSO,HELISERVICE,Germany
HSR,HELISTAR,Greece
HSS,TAS HELICOPTEROS,Spain
HST,HESTON,Lithuania
HSV,VERTIFLIGHT,China
HSW,HELIBERICA,Spain
HSY,HELISKY,Spain
HTA,HELI TRANSAIR,Germany
HTB,HELIX-CRAFT,Panama
HTC,HAITI TRANSAIR,Haiti
HTE,HELICOPTERSMEXICO,Mexico
HTH,ALBORAN,Spain
HTI,HAITI INTERNATIONAL,Haiti
HTK,LINGBIRD,China
HTM,HELITRAVEL,Germany
HTP,HALA EXPRESS,Libya
HTR,HOLSTEN,Germany
HTS,HELISAS,Colombia
HTT,HEART BEAT,Canada
HTY,HELITY,Spain
HUA,HUNGARY,Hungary
HUB,HUB,United States
HUC,LINEAS TEHUACAN,Mexico
HUE,HAUTE,Switzerland
HUF,HUNGARIAN AIRFORCE,Hungary
HUN,HUNGARIAN,Hungary
HUR,HURRICANE CHARTER,United States
HUS,HEUSSLER,United States
HUT,AEROHUITZILIN,Mexico
HVK,TURKISH AIRFORCE,Turkey
HVN,VIET NAM AIRLINES,Vietnam
HVY,LIFT PERU,Peru
HWD,FLITEWISE,United Kingdom
HWH,HELIWORLD,Spain
HWK,FIREHAWK,United States
HWS,STORM,Sweden
HXA,CHINA EXPRESS,China
HYA,ALHAYA,Iraq
HYC,HYDRO CARGO,South Africa
HYD,HYDRO,Canada
HYJ,HAPPY JET,China
HYM,SKY MOLDOVA,Moldova
HYN,FANTASIA,China
HYP,HYPERION,Malta
HYR,HIGHFLYER,Ireland
HYS,SKY EUROPE,Romania
HYT,QUICK AIR,China
HYY,HAYWAYS,Armenia
HZM,HUZIMA,Ecuador
HZR,HUZAR,Poland
HZS,HORIZON SKY,Saudi Arabia
HZY,AIR LILY,China
IAA,ANFIBIOS,Spain
IAC,IBEX AIRLINES,Lebanon
IAD,RED KNIGHT,India
IAE,IRAERO,Russia
IAG,EPAG,France
IAL,IMATONG,Kenya
IAM,ITALIAN AIRFORCE,Italy
IAN,IBOM,Nigeria
IAR,ILIAMNA AIR,United States
IAV,ISLAND FLYER,United Kingdom
IAW,IRAQI,Iraq
IBB,BINTER,Spain
IBC,IBEX CHARTER,Lebanon
IBE,IBERIA,Spain
IBG,ICE BRIDGE,United States
IBJ,IBERTAXI,Spain
IBK,NORTRANS,Ireland
IBL,CATOVAIR,Mauritius
IBR,IBERTOUR,Spain
IBS,IBEREXPRES,Spain
IBX,IBEX,Japan
ICA,TIRYKA,Venezuela
ICC,CARTO,Spain
ICD,ICARO,Ecuador
ICE,ICEAIR,Iceland
ICF,INCHARTER,San Marino
ICG,ICELAND COAST,Iceland
ICH,INTERCONTINENTAL,Gambia
ICL,CAL,Israel
ICM,INTER-CAMEROUN,Cameroon
ICN,ICONAIR,Pakistan
ICP,CHOPER,Spain
ICR,ICARUS FLIGHTS,United States
ICS,IRISH COASTGUARD,Ireland
ICT,CONTAVIA,Colombia
ICU,ASIA MEDICAL,China
ICV,CARGOLUX ITALIA,Italy
ICY,INTERCITY,Malaysia
IDA,INTRA,Indonesia
IDC,ISLAND DEV,Seychelles
IDD,IDA,United States
IDG,INDIGO,Czech Republic
IDO,INDOKHMER,Cambodia
IDR,MANGU,Dominican Republic
IDT,IDOT,United States
IDX,RED PHOENIX,Indonesia
IEI,ITALIAN ARMY,Italy
IEK,INAER EUSKADI,Spain
IFA,RED ANGEL,Germany
IFC,INDIAN AIRFORCE,India
IFF,INTERFREIGHTER,Sudan
IFG,INFINITY,United States
IFI,HELLAS LIFT,Greece
IFJ,IFAJET,Portugal
IFL,EIFEL,United States
IFM,ICOPTER,Greece
IFX,IFTA,United States
IFY,IFLYER,Kenya
IGA,IGUANA,Poland
IGL,ATISA,Venezuela
IGM,AERO COATLE,Mexico
IGN,DIVINE AIR,Nigeria
IGO,IFLY,India
IGS,ISLA GRANDE,United States
IGT,SKY IKA,Georgia
IGY,INGENUITY,United States
IHC,HELIRAN,Iran
IHO,UMOJA,Kenya
IIA,INTER ILES,Comoros
IIC,INTER AIR,Bahamas
IIL,INDIA INTER,India
IJA,I-JET,United States
IJM,JET MANAGEMENT,Austria
IJR,INTEGRA JET,United States
IJW,JET WEST,United States
IKK,IKIAIR,Japan
IKM,EASY SHUTTLE,Ghana
IKR,IKAROS,Denmark
ILA,ILAN ARAD,Israel
ILF,ISLAND FLIGHT,United States
ILK,ILEK,Kazakhstan
ILM,BIRDMAN,Portugal
ILN,INLINE,South Africa
ILS,SERVICIOS ILSA,Mexico
ILU,ILLINI,United States
IMC,MY CHARTER,Pakistan
IMD,JETBULL,Spain
IME,LARK AIR,China
IMG,IMAGINE,United States
IMI,IMPERIALAEREO,Mexico
IML,MAL AIR,Fiji
IMO,INVERMOCA,Venezuela
IMS,IMAGES,United Kingdom
IMT,IMTREC,Cambodia
IMX,ZIMEX,Switzerland
INA,AVICENNA,Iran
INB,INTERBUILD,Tajikistan
INC,INSELAIR,Netherlands
ING,INAER GALICIA,Spain
INI,INITIUM,Spain
INM,INDUCA,Venezuela
INR,INAER HELICOPTEROS,Spain
INT,INTEGRA,Spain
IOA,INDIA FIRST,India
IOE,ISLAND OIL,Sao Tome and Principe
IOF,INAER OFFSHORE,Spain
IOM,ISLE AVIA,United Kingdom
ION,GORRION,Malta
IOS,SCILLONIA,United Kingdom
IPF,IRAQI PRESIDENTIAL FLIGHT,Iraq
IPL,IPULL,Spain
IPM,AEROITA,Brazil
IPT,INTERPORT,United States
IQP,IQRA PAKISTAN,Pakistan
IQQ,CARIBJET,Barbados
IRA,IRANAIR,Iran
IRB,AIRTOUR,Iran
IRC,ASEMAN,Iran
IRD,ARVAND,Iran
IRE,PARIZAIR,Iran
IRF,TA-AIR,Iran
IRH,ATLAS AVIA,Iran
IRI,NAVID,Iran
IRJ,BONYAD AIR,Iran
IRL,IRISH,Ireland
IRM,MAHAN AIR,Iran
IRO,IRON AIR,United States
IRP,PAYAMAIR,Iran
IRR,TARAIR,Iran
IRS,SAHAND AIR,Iran
IRT,TOOS AIR,Iran
IRU,CHABAHAR,Iran
IRV,SAFAT AIR,Iran
IRW,ARAM,Iran
IRX,ARIA,Iran
IRY,ERAM AIR,Iran
IRZ,SAHA,Iran
ISA,ISLAND,United States
ISC,AIR SERVICE,Venezuela
ISH,ISLAND HOP,United States
ISI,ISLANDMEX,Mexico
ISL,EASTLAND,Iceland
ISM,STORK,Russia
ISP,ESPADANA,Iran
ISR,ISRAIR,Israel
ISS,AIR ITALY,Italy
ISU,INDY STATE,United States
ISW,PINTADERA,Spain
ITA,CAFEX,United States
ITE,AEROTAXI,Czech Republic
ITF,AIR AVITA,Angola
ITH,INTRANS NIGERIA,Nigeria
ITI,INTAIRLINE,France
ITK,INTERLINK,South Africa
ITL,ITALFLY,Italy
ITM,ISLAND TYME,United States
ITN,TITANLUX,Spain
ITR,FLYINTIRA,Thailand
ITS,INTER-STATE,United States
ITY,ITARROW,Italy
IVA,AEROBOLIVAR,Venezuela
IWD,IBERWORLD,Spain
IWL,ISLAND WINGS,Bahamas
IWY,ISLANDWAYS,United Kingdom
IXR,X-BIRD,France
IYC,AERO THEBE,Mexico
IYE,YEMENI,Yemen
IZA,IZHAVIA,Russia
IZG,ZAGROS,Iran
IZM,IZMIR,Turkey
JAA,JET ASIA,Thailand
JAB,AIR BAGAN,Myanmar
JAC,COMMUTER,Japan
JAE,JADE CARGO,China
JAF,BEAUTY,Belgium
JAG,TULPAR,Kazakhstan
JAI,JET AIRWAYS,India
JAL,JAPANAIR,Japan
JAM,SUNTRACK,Kenya
JAN,JANES,United Kingdom
JAP,RED SMART,Peru
JAR,AIRLINK,Austria
JAS,JET SETTER,United States
JAT,ROCKSMART,Chile
JAV,JORDAN AVIATION,Jordan
JAW,JASMINE,Tunisia
JAX,JANAIR,United States
JAY,AFRICA ALLIANCE,Gambia
JBA,HELIJET,Canada
JBC,JETBEE,Czech Republic
JBD,MAGENTA JET,Germany
JBE,SINO BEIJING,China
JBU,JETBLUE,United States
JBW,AIRJUB,Kenya
JCA,SPARTAN,Netherlands
JCB,JAYSEEBEE,United Kingdom
JCC,CAMBO,Cambodia
JCH,TRADING CARGO,Mauritania
JCL,JETCALL,Germany
JCM,SECUREAIR,United States
JCN,LEAP JET,China
JCO,CONCIERGE,United Kingdom
JCT,JET CHARTER,United States
JCY,JET CITY,United States
JDA,JAY DEE,United Kingdom
JDC,JOHN DEERE,United States
JDE,AIRGO,Indonesia
JDI,JEDI,Poland
JDL,JINGDONG,China
JDS,DOCTOR BIRD,United States
JEA,JETA,Poland
JEC,JETROCK,Colombia
JEE,AMBJEK AIR,Nigeria
JEF,JETFLITE,Finland
JEI,JET EXECUTIVE,Germany
JEP,JET PERSONALES,Spain
JES,SMARTBIRD,Argentina
JET,TRADEWIND,Sweden
JFA,MOSQUITO,Luxembourg
JFE,JAMAICA CARGO,Jamaica
JFL,BLUE DANUBE,Austria
JFS,SERVIJET,Mexico
JFU,CRICKET,United Kingdom
JFV,CAPITAL,South Africa
JFY,YEOMAN,United Kingdom
JGB,JETGLOBAL,Venezuela
JGJ,GLOBAL JINGGONG,China
JGO,JETGO,Australia
JHJ,CAMO,United States
JHK,SHENGLI,China
JHN,AIR JOHNSON,United States
JIA,BLUE STREAK,United States
JIG,SAHIH,Nigeria
JIM,SARK,United Kingdom
JIS,JUPAIR,Nigeria
JIT,JET IT,United States
JIV,JIV AIR,Sweden
JJA,JEJU AIR,South Korea
JJM,GEODATA,Spain
JJP,ORANGE LINER,Japan
JKA,JACKET,United States
JKH,JETKONTOR,Germany
JKK,SPANAIR,Spain
JKN,JUNKANOO AIR,Bahamas
JKR,JOKER,United States
JKT,KAITAK,China
JKY,JOCKEY,United Kingdom
JLA,AERO JOE,Mexico
JLB,JHONLIN,Indonesia
JLC,ANGELIC,United States
JLF,JETLYFT,United States
JLG,LOGISTICS,United States
JLH,CESA,Mexico
JLJ,HIGHBORN,United States
JLL,LITE JET,India
JLM,ATLANTIC GAMBIA,Gambia
JLN,JETLINE,Malta
JLX,KEN JET,Kenya
JMA,CHUI,Kenya
JMC,JAYEMMSEE,United Kingdom
JME,JETMAN,Portugal
JMG,TRE TORRE,San Marino
JMH,MEX JET,Mexico
JMK,JET MAGIC,Malta
JML,MALTA JET,Malta
JMM,JOICOMAIR,Sudan
JMP,JUMP RUN,Germany
JMR,LAHWINGS,Chile
JMS,SKY AVIATION,Senegal
JMX,JAMAICA EXPRESS,Jamaica
JNA,JIN AIR,South Korea
JNH,JONAH,United States
JNJ,JOIN JET,Denmark
JNK,JONIKA,Ukraine
JNL,JETNETHERLANDS,Netherlands
JNS,AFRICAN QUEEN,Nigeria
JNV,JETNOVA,Spain
JNX,NEXA,United States
JNY,ROCK BAND,United States
JOB,JOBENI,Mexico
JOE,JET-EUROPE,Bulgaria
JON,JOON,France
JOY,JOY AIR,China
JPA,J-PAT,United States
JPB,PALMBEACH JET,United States
JPJ,JUPITERJET,Kazakhstan
JPL,SEQUOIA,United States
JPM,PREMIER JETS,Mexico
JPN,JETPLAN,United Kingdom
JPO,JETPRO,Mexico
JPR,JUMPER,United States
JPS,JETPLUS,New Zealand
JPT,PRIMETIME,United States
JPV,JETPOOL,Austria
JRC,JETAIR,Netherlands
JRE,JET SHARE,United States
JRH,BLUETIP,Zimbabwe
JRT,JETRIGHT,United States
JRY,JET READY,Spain
JSA,JETSTAR ASIA,Singapore
JSC,CONGO RIVER,Congo
JSF,BORA,Slovenia
JSG,BOOMAIR,Hungary
JSH,STREAM AIR,Hungary
JSI,SISTEMA,Russia
JSJ,JS CHARTER,Pakistan
JSL,SELECTJET,United States
JSM,LIPERI,Finland
JSN,JETSUN,Canada
JSP,SPOOLER,United States
JST,JETSTAR,Australia
JSU,SU JET,China
JSW,JIGSAW,United Kingdom
JSX,BIGSTRIPE,United States
JSY,JUNG SKY,Croatia
JTA,JAI OCEAN,Japan
JTC,JETICA,Russia
JTD,JET TIME,Denmark
JTE,JETEX,Australia
JTH,HOUSE,Malta
JTI,JETCLIPPER,Germany
JTK,JET SKY,Bulgaria
JTL,JET LINX,United States
JTM,JET COAST,United States
JTN,JET TEST,United States
JTR,JESTER,United Kingdom
JTS,JETSERVICE,Germany
JTT,MOSCOW JET,Russia
JTU,ZHETYSU,Kazakhstan
JTY,JETOLOGY,Austria
JTZ,STEEL JET,United States
JUA,JUPITER GAMBIA,Gambia
JUB,JUBBA,Somalia
JUC,JUBA CARGO,Sudan
JUP,JUMP AIR,Lithuania
JUS,JET USA,United States
JVE,HURON,Canada
JVW,JETVIEW,Austria
JWD,WIJAYA AIR,Indonesia
JWX,JETWAYS,Kenya
JXA,JET ACCESS,United States
JXT,VANNIN,United Kingdom
JXX,COCONUT,China
JYA,SUNBIZ,United States
JYH,TRANS JADE,China
JYP,CORP-FLIGHT,Mexico
JYR,TAECA,Panama
JZA,JAZZ,Canada
JZR,JAZEERA,Kuwait
KAA,AVIJET,South Korea
KAB,AIR POHANG,South Korea
KAC,KUWAITI,Kuwait
KAD,RAPID AIR,United States
KAE,KANGALA,Burkina Faso
KAG,AVIATION COLLEGE,South Korea
KAI,KAISER,United States
KAJ,KARTHAGO,Tunisia
KAL,KOREANAIR,South Korea
KAM,SUNKAR,Kazakhstan
KAN,KANSAS,United States
KAP,CAIR,United States
KAR,IKAR,Russia
KAS,PEGAS,Kyrgyzstan
KAT,AEROTAK,Nigeria
KAV,ARMHELI,Armenia
KAY,KAYAK,Germany
KAZ,KAZLUX,Kazakhstan
KBA,BOREK AIR,Canada
KBD,JET KEY,France
KBJ,KARNAVATI,India
KBL,KABUL AIR,Afghanistan
KBN,KABIN,Thailand
KBR,KORAL BLUE,Egypt
KBV,SWECOAST,Sweden
KBX,SKYBEX,Poland
KBZ,JADE AIR,Myanmar
KCE,KACEY,Canada
KCH,CAM AIR,Cambodia
KCR,KOLOB,United States
KCU,KOCOGLU,Turkey
KDA,KEUK DONG DAE,South Korea
KDR,DARLINES,Uganda
KDS,KALEO,United States
KEA,KOREA EXPRESS,South Korea
KEJ,KAZAIRJET,Kazakhstan
KEM,CEMAIR,South Africa
KEN,KENMORE,United States
KER,KERMAS,Malta
KES,KARIBEES,France
KEW,BLIZZARD,Canada
KEY,KEY AIR,United States
KFA,FLIGHTCRAFT,Canada
KFB,MISSION,United States
KFC,KREMENCHUK,Ukraine
KFE,MORITO,Malta
KFK,KRIFKA AIR,Austria
KFR,KINGFISHER,India
KFS,KALITTA,United States
KGA,WESTERN REGION,China
KGB,SAPSAN,Kyrgyzstan
KGC,SALAM AIR,Kyrgyzstan
KGF,BLUE SHARKS,Cape Verde
KGK,KYRGYZ SKY,Kyrgyzstan
KGL,KOGALYM,Russia
KGN,MANAS BIRD,Kyrgyzstan
KGS,BERKUT,Kyrgyzstan
KGT,KNIGHT-LINER,Nigeria
KGZ,SKY FRU,Kyrgyzstan
KHA,AIR KITTYHAWK,United States
KHF,KHABAROVSK,Russia
KHI,AIR KARACHI,Pakistan
KHP,PHOTROS AIR,Iran
KHR,KHAZAR,Turkmenistan
KHS,KAREN HELI,Switzerland
KHT,KHATLON,Tajikistan
KHV,CAMBODIA AIR,Cambodia
KHY,KHYBER,Afghanistan
KIC,KING COBRA,Mexico
KIE,TWEETY,Germany
KII,DRAGSTER,United States
KIN,KINLOSS,United Kingdom
KIP,KINNARPS,Sweden
KIS,KISH AIR,Iran
KIW,KIWI,New Zealand
KJD,ALGERIAN AIRFORCE,Algeria
KJE,KAPAJET,Greece
KJT,SHANGHAI KINGJET,China
KKA,AVILA,Venezuela
KKK,ATLASJET,Turkey
KLA,SKYLIGHT AIR,South Africa
KLC,CITY,Netherlands
KLD,AIR KLAIPEDA,Lithuania
KLJ,CLASS LINE,Lithuania
KLM,KLM,Netherlands
KLR,KAY-LER,United States
KLX,KELIX,Nigeria
KLZ,AEROKALUZ,Mexico
KMA,KOMI AVIA,Russia
KME,GIANT IBIS,Cambodia
KMF,KAMGAR,Afghanistan
KMI,KAY-MILE AIR,Thailand
KMK,KAMAKA,United States
KMM,SKY KNIGHT,Malta
KMW,KOSTROMA,Russia
KMZ,COMORES AVIATION,Comoros
KNA,KUNMING AIR,China
KND,KANNITHI AIR,Thailand
KNE,FLYNAS,Saudi Arabia
KNM,KINGDOM,United Kingdom
KNT,KINETIC,Canada
KNW,REDOUBT,United States
KNY,KENLEY,United Kingdom
KNZ,KINZE,United States
KOA,KOANDA,Spain
KOC,SETAIR,Turkey
KOK,KOKO,United States
KOM,BLACKEAGLE,Spain
KON,AIR CONNECT,Romania
KOR,AIR KORYO,North Korea
KOW,RODEO,United States
KPA,KUN PENG,China
KPO,KRYPTO,United States
KPR,SKIPPER,Namibia
KPT,BALADO,United Kingdom
KQA,KENYA,Kenya
KRC,KIWI RESCUE,New Zealand
KRE,AEROSUCRE,Colombia
KRF,KITTYHAWK,United Kingdom
KRH,SPARROWHAWK,United Kingdom
KRO,KROONK,Ukraine
KRP,CARPATAIR,Romania
KRS,ATLAS,Russia
KRT,KIRKNEWTON,United Kingdom
KRU,KARUN,Iran
KSA,SKY CAMEL,Latvia
KSF,KENT,United States
KSH,KING KUSH,Uganda
KSI,KISSARI,Angola
KSM,KOSMOS,Russia
KSP,SAEP,Colombia
KST,KING STAR,Germany
KSU,K-STATE,United States
KSV,KOSFLIGHT,(None)
KTA,CITY LINK,Pakistan
KTB,TRANSBALTIKA,Lithuania
KTC,RED NAGA,Cambodia
KTL,KNOTTSBERRY,South Africa
KTO,KRATOS,Mexico
KTU,TRANSPORT UNI,South Korea
KTV,KATAVIA,Sudan
KUA,TRANSPORTES KAUA,Mexico
KUD,AIR KUDOS,United Kingdom
KUG,KUWAITI GOV,Kuwait
KUH,KUSH AVIATION,Sudan
KUK,KUDLIK,Canada
KUR,KAY-AVIATION,Indonesia
KUS,KUSWAG,South Africa
KVA,CATATUMBO,Venezuela
KVN,KOREA AVIATION,South Korea
KVT,ALL AFRICA,South Africa
KWN,KWENA,South Africa
KWX,KAY DUB,United States
KXA,FINDER AIR,China
KXP,XPRESS KARGO,Malaysia
KYC,SKYBIRD CHARTER,Nigeria
KYD,SKYAD,South Africa
KYE,SKY CUBE,United States
KYR,SKY AERONAUTICAL,Mexico
KYY,KAMOZ,Mozambique
KZH,ULUTAU,Kazakhstan
KZN,KAZANAIR,Russia
KZR,ASTANALINE,Kazakhstan
KZU,UNIVERSAL CARGO,Turkey
KZW,KHALIFA AIR,Algeria
LAA,LIBAIR,Libya
LAB,LAB,United States
LAC,LOCKHEED,United States
LAD,LADCO-AIR,United States
LAE,LANCO,Colombia
LAF,LATVIAN AIRFORCE,Latvia
LAG,AVILEG,Gambia
LAI,LINK ASIA,Indonesia
LAJ,SKYLA AIR,Nigeria
LAL,LEGEND AIRLINES,Romania
LAM,MOZAMBIQUE,Mozambique
LAN,LAN CHILE,Chile
LAO,LAO,Laos
LAP,PARAGUAYA,Paraguay
LAQ,LAT,Lebanon
LAR,LAWRENCE,United States
LAS,LIONS HELICOPTER,Switzerland
LAT,LEBANESE AIR,Lebanon
LAU,SURAMERICANO,Colombia
LAV,ALBASTAR,Spain
LAY,LAYANG,Malaysia
LAZ,LIZAIR,Burkina Faso
LBA,LOBAYE,Central African Republic
LBB,LIBYAN BLUE BIRD,Libya
LBD,LIGHTBIRD,Norway
LBF,LIBYAN AIRFORCE,Libya
LBO,ALLIBO FREIGHT,Libya
LBQ,LABQUEST,United States
LBR,NORTHLIGHT,Canada
LBT,NOUVELAIR,Tunisia
LCA,LECONTE,United States
LCB,BUSRE,Peru
LCC,LANCAIR,United States
LCH,LYNCH AIR,United States
LCM,LINEAS COMERCIALES,Mexico
LCN,CANEDO,Bolivia
LCO,LAN CARGO,Chile
LCS,LEUCHARS,United Kingdom
LCT,CONEXION LINK,Mexico
LCV,CABO CAT,Cape Verde
LCY,LONDON CITY,United Kingdom
LDA,BEAUFORT,Malta
LDG,EDGE,United Kingdom
LDM,LAUDA MOTION,Austria
LDN,ALDONAS AIR,Nigeria
LDR,AEROLIDER,Mexico
LDS,LINSUR,Argentina
LDX,LAUDA RUSH,Austria
LEA,LEADAIR,France
LEB,LEBAP,Turkmenistan
LEC,LECA,Central African Republic
LED,SWEEPER,Norway
LEE,JAVELIN,United Kingdom
LEG,LEGACY,United States
LEJ,REGULATOR,Germany
LEL,LEONAVIA,Spain
LEM,LEMPIRAS,Honduras
LEN,LENTINI,United States
LEO,SUN-OLE,Spain
LEP,LECOSTA,India
LER,LASER,Venezuela
LET,MEXALE,Mexico
LEU,LIONSAIR,Switzerland
LEX,LEXAIR,United States
LFA,BUCKY,United States
LFE,LIFE AIR,Brazil
LFG,LETS JETT,United States
LFI,AEROMED,South Africa
LFL,LIFE FLIGHT,Zimbabwe
LFO,LUFO,Germany
LFR,LANFREIGHT,Sao Tome and Principe
LGA,LOGAIR,Malaysia
LGC,LEGACY AIR,Thailand
LGF,LEGACY FREIGHT,United States
LGI,ELL-GEE AIR,South Korea
LGL,LUXAIR,Luxembourg
LGN,AEROLAGUNA,Mexico
LGT,LONGTAIL,United Kingdom
LGU,LAGUNA,Mexico
LHA,AIR CANTON,China
LHB,FAMILY,Germany
LHC,LONDON EYE,United Kingdom
LHE,LION HELI,Czech Republic
LHG,AIR LEADER,China
LHK,LAHAK,Israel
LHN,LONGHORN,United States
LHT,LUFTHANSA TECHNIK,Germany
LHX,CITYAIR,Germany
LIA,LIAT,Antigua and Barbuda
LIB,LIBELLE,Germany
LIC,ASIASLINE,Tajikistan
LID,ALIDA,Italy
LIE,AL-DAWOOD AIR,Nigeria
LIF,LIFECARE,United States
LIL,LILIES,Romania
LIN,AEROLIMOUSINE,Russia
LIO,LIONEL,Peru
LIP,LIPIZAN,Slovenia
LIR,LISLINE,Belarus
LIT,LEONE,Italy
LIX,RAPIDLINX,Slovenia
LIZ,LIZLINES,Togo
LJB,AL JABER,United Arab Emirates
LJC,LITTLE JET,United Kingdom
LJM,COOL RUNNINGS,Jamaica
LJT,LIFEJET,Spain
LJY,ELJAY,United States
LKA,LUKE AIR,Malta
LKE,LUCKY AIR,China
LKF,LAKEFRONT,United States
LKH,SKYPLANET,Cambodia
LKN,NAMAIR,Indonesia
LKS,AIRLIN,Spain
LLB,LLOYDAEREO,Bolivia
LLC,SMALL PLANET,Lithuania
LLD,AVIA LLOYD,Venezuela
LLE,CONVALLES,Venezuela
LLJ,MAYBOUNE JET,China
LLK,AIR LIFE,Greece
LLL,LAVIE,Laos
LLM,YAMAL,Russia
LLN,ALLEN,United States
LLP,SKYPOL,Poland
LLR,ALLIED,India
LLS,SERVIESTRELLA,Mexico
LLT,CLASSIC JET,Lithuania
LLY,LETSY,Spain
LMA,AEROLIMA,Mexico
LMD,LAMIA,Venezuela
LME,LIMAIR EXPRESS,Mauritania
LMG,SOUTH AFRICAN,South Africa
LMJ,MASTERJET,Portugal
LMK,LANDMARK,United Kingdom
LMP,SAISA,Mexico
LMR,LAMAIR,Sudan
LMS,LOMAS,United Kingdom
LMU,ALMASRIA,Egypt
LMX,AEROASESA,Mexico
LNA,ELNAIR,Spain
LND,WILD LANDS,United States
LNE,AEROLANE,Ecuador
LNG,LIGHTNING,United States
LNI,LION INTER,Indonesia
LNK,LINK,South Africa
LNM,AIR RING,China
LNQ,FASTLINK,United Kingdom
LNX,LONEX,United Kingdom
LOA,LEOAIR TRAINER,South Africa
LOC,LOCAIR,United States
LOD,MIRACULIX,Austria
LOF,WATERSKI,United States
LOG,LOGAN,United Kingdom
LOJ,LOJY AIR,Egypt
LOK,ALOK AIR,Sudan
LOL,EASY CHARTER,Georgia
LON,MISR,Egypt
LOP,LINTON,United Kingdom
LOR,LEO CHARTER,South Africa
LOS,LOSSIE,United Kingdom
LOT,LOT,Poland
LOX,LOX JET,United States
LPA,LEAP,Sweden
LPC,NETSTAR,South Africa
LPD,LEOPARD,United Kingdom
LPE,LANPERU,Peru
LPL,LEASE-A-PLANE,United States
LPR,RATOVNIK,Poland
LRB,LADY RACINE,Czech Republic
LRC,LACSA,Costa Rica
LRD,LAREDO AIR,United States
LRG,SOLAER LAGUNA,Mexico
LRK,SKYLARK,Nigeria
LRQ,LUX RESCUE,Luxembourg
LRR,LORRAINE,France
LRT,LIBERTY JET,United States
LRW,AL RIDA,Mauritania
LSA,LEADER SERVICE,Italy
LSC,CEDROS,Chile
LSG,SKY LACHIN,Tajikistan
LSI,POSEIDON,Italy
LSJ,LIAISON,Canada
LSK,SKYLIGHT,Russia
LSL,LEE AIR,Bahamas
LSM,TITAN,San Marino
LSN,SERVI NAL,Mexico
LSO,STARCOM,United States
LSP,AIR TONY,United Kingdom
LST,LESORTEC,Mexico
LSV,SLOVENIAN AIRFORCE,Slovenia
LSX,ATLAS EXEC,Spain
LSY,LEBANON SKY,Lebanon
LTA,LIFT,United States
LTC,CHARTER JETS,Lithuania
LTD,LIGHTSPEED,United States
LTE,FUN JET,Spain
LTF,LETS FLY,Czech Republic
LTG,TAMCARGO,Brazil
LTR,LUFT TRANSPORT,Norway
LTS,SPECAIR,Russia
LTU,GERMANAIR,Germany
LTZ,LAMINAR,South Africa
LUA,LUMINAIR,Germany
LUC,ALBINATI,Switzerland
LUK,LUKOIL,Russia
LUT,LUGO,South Africa
LUV,INDY,Thailand
LUX,BABYLON,San Marino
LVA,AKAAL,United States
LVB,SILVERBIRD,Nigeria
LVL,DALI,Spain
LVS,SIGNIA,Mexico
LVT,ELEVATE,United States
LVU,LEVU CARGO,Brazil
LVW,LONGVIEW,Canada
LWA,LIBYAN WINGS,Libya
LWC,TRANSACA,Mexico
LWG,LUXWING,Malta
LWI,LUMI,Greece
LWL,CUB DRIVER,Portugal
LXA,RED LION,Luxembourg
LXC,LUXVAN,Luxembourg
LXE,SUNWAVE,Austria
LXF,LYNX FLIGHT,United States
LXG,LUX AVIATION,Germany
LXJ,FLEXJET,United States
LXM,LUQA,Malta
LXP,LANEX,Chile
LXR,SKY LUXURY,Malta
LXS,LYNX SERVICIOS,Mexico
LXW,LANEXANG,Laos
LXX,LIBYANEXPRESS,Libya
LYA,LIBYAN AIR AMBULANCE,Libya
LYB,HIGHLANDS,Papua New Guinea
LYC,LYNDEN,United States
LYD,LYDDAIR,United Kingdom
LYF,LITHUANIAN AIRFORCE,Lithuania
LYH,HELIGUYANE,France
LYM,KEY LIME,United States
LYN,ALTYN AVIA,Kyrgyzstan
LYX,MALTA CAT,Malta
LZA,AEROLANZA,Spain
LZB,FLYING BULGARIA,Bulgaria
LZF,SKYLEASE,Portugal
MAA,MAS CARGA,Mexico
MAB,MAPPING,Denmark
MAC,ARABIA MAROC,Morocco
MAD,MALONE,United States
MAE,MALI AIREXPRESS,Austria
MAG,MAGMA,Italy
MAJ,ME TACK,Japan
MAK,MAKLEE,United States
MAL,MORNINGSTAR,Canada
MAN,MANNION,United States
MAO,MAYO,United States
MAP,ALTJETS,Venezuela
MAQ,MAC AVIATION,Spain
MAR,HELLASMED,Greece
MAS,MALAYSIAN,Malaysia
MAT,MAINE-AV,United States
MAU,AIRMAURITIUS,Mauritius
MAV,SEA WING,Maldives
MAW,MUSTIQUE,Saint Vincent
MAX,MAX AVIATION,Canada
MAY,BLUE MED,Malta
MBA,AVAG AIR,Austria
MBC,MABECO,Angola
MBE,MARTIN,United Kingdom
MBF,MABE FLIGHTS,Spain
MBG,CHALGROVE,United Kingdom
MBK,MATBLACK,Canada
MBO,AEROBEL,Belarus
MBR,BRAZILIAN NAVY,Brazil
MBS,MBACHI AIR,Malawi
MBT,MANITOBA,Canada
MBU,MARABU,Estonia
MCA,COASTAL CLIPPER,Malta
MCB,MISSINIPPI,Canada
MCC,DISCOVERY,South Africa
MCD,AIR MED,United Kingdom
MCE,MARSHALL,United Kingdom
MCK,MAVERICK,Germany
MCL,MEDIC,United Kingdom
MCM,HELI AIR,Monaco
MCO,MARCOS,Mexico
MCP,MARCOPOLO,Afghanistan
MCS,CARMEX,Mexico
MCT,TRANS CORTES,Mexico
MCV,MTC AVIACION,Mexico
MCW,MACHINE WORKS,Central African Republic
MCX,MAURICARGO,Mauritania
MCY,MERCY,South Africa
MDA,MANDARIN,China
MDB,MARIANAS,United States
MDE,MAURI-TRANS,Mauritania
MDF,MED-FREIGHT,Greece
MDG,AIR MADAGASCAR,Madagascar
MDI,MEDOPS,United Kingdom
MDK,MADIKWE,South Africa
MDM,MEDAVIA,Malta
MDN,MACDAN,San Marino
MDO,KUDA,Malta
MDR,AEROPLANOS,Mexico
MDS,MID-SOUTH,United States
MDT,MIDNIGHT,Norway
MDW,MEDWING,Malta
MDX,MEDAIR,South Africa
MEA,CEDAR JET,Lebanon
MEC,MERCAIR,United States
MEF,EMPENNAGE,Nigeria
MEI,AVALON,United States
MEJ,MEDJET,United States
MEK,MED-TRANS,United States
MEL,MEGA AIR,Brazil
MEM,MERIDIAN CHERRY,Ukraine
MEN,RAHAL,Bahrain
MER,METHOW,United States
MES,MESABA,United States
MET,METMAN,United Kingdom
MEV,MED-VIEW,Nigeria
MFA,SEAHORSE,United Kingdom
MFB,MOUNTAINHELI,Switzerland
MFC,EAST WIND,Canada
MFD,FREIGHT DOG,United States
MFG,MID AFRICA,Gambia
MFJ,SEGURO,Mozambique
MFL,MCFLY,Mexico
MFR,MIDLINE FREIGHT,United States
MFT,YORKAIR,United Kingdom
MFX,WHITEBIRD,Uzbekistan
MFY,MEDIFLY MEX,Mexico
MGA,MAG AVIACION,Spain
MGB,MOCKINGBIRD,United Kingdom
MGC,MONGOLIA CARGO,Mongolia
MGD,MIAMI AIR,United States
MGE,MAGELLAN,United States
MGF,FOGLIA,Malta
MGG,ELMAGAL,Sudan
MGH,MAVI,Turkey
MGI,MARGHI,Nigeria
MGL,MONGOL AIR,Mongolia
MGM,AERO EMM-GEE-EMM,Mexico
MGO,MANGO,Spain
MGP,MAGPIE,Bangladesh
MGT,MIGHTYVAN,France
MGW,GREAT MONGOLIAN,Mongolia
MGX,MONTAIR,Montenegro
MGY,MADAGASCAR AIRLINES,Madagascar
MHA,MOUNTAIN HIGH,United States
MHC,AERO JOMACHA,Mexico
MHD,YAS AIR,Iran
MHF,AIR MARITIME,United States
MHH,MOUNTHILL,Nigeria
MHK,AL-NASER,Iraq
MHL,HASSIMAIR,Nigeria
MHN,MANHATTAN,United Kingdom
MHO,MAHALO,United States
MHQ,HELICARE,Finland
MHR,AIR SHIRAZ,Iran
MHS,AIR MEMPHIS,Egypt
MHU,MEMPHIS UGANDA,Uganda
MHV,SNOWCAP,Germany
MIA,MAURIA,Mauritania
MIC,MINT AIRWAYS,Spain
MID,MIDCOAST,United States
MIE,AEROPREMIER,Mexico
MIG,MIG AVIA,Russia
MIH,MASSYLINE,Niger
MIM,MILLESIME,France
MIR,AEROMIR,Mexico
MIS,ARTEMIS,United Kingdom
MIT,MATCO,United States
MIZ,MILAZ,Mexico
MJA,MAJARA,Sudan
MJC,AIR MANDA,China
MJE,EMJET,United Arab Emirates
MJF,EM-EXPRESS,Austria
MJI,MAJESTIC JET,United States
MJJ,SPEEDY,Thailand
MJN,MAJAN,Oman
MJP,AIR MAJORO,Peru
MJR,MAJOR,United States
MJS,JET SAVER,United States
MJT,MADJET,Portugal
MKA,MOKA AIR,Yemen
MKB,GREENTAIL,Botswana
MKG,MEKONG,Vietnam
MKL,MCCALL,United States
MKR,AIR LANME,Cambodia
MKT,LASYITA,Indonesia
MKU,MOKU,United States
MLA,MILE-AIR,United States
MLB,MANAF,Burundi
MLD,AIR MOLDOVA,Moldova
MLE,MOLDAERO,Moldova
MLH,SOUTH WIND,Malta
MLI,DEMAIS,Brazil
MLK,NIGERJET,Nigeria
MLL,MALLORCA,Spain
MLM,LUXMALTA,Malta
MLN,MILLENNIUM,United States
MLO,MILENIO,Mexico
MLS,MALL-AIRWAYS,United States
MLT,MALETH,Malta
MLU,MALI LOSINJ,Croatia
MLV,MULTI VALLE,Mexico
MLX,MALAWI EXPRESS,Malawi
MMA,MYANMAR,Myanmar
MMD,MERMAID,Denmark
MME,MAJESTIC AIR,South Africa
MMF,MULTI,Netherlands
MMG,RUTA MAYA,Guatemala
MMH,NIGHT RIDER,United States
MMI,ITALIAN NAVY,Italy
MMJ,MACAUJET,China
MML,TRANS MONGOLIA,Mongolia
MMM,AVIAMERIDIAN,Russia
MMN,MINUTEMAN,United States
MMO,MALIT,Malta
MMU,SKY TOUR,United States
MMY,MARMOT,United States
MMZ,EUROATLANTIC,Portugal
MNB,BLACK SEA,Turkey
MND,CUGAT,Spain
MNE,MOUNT EAGLE,Montenegro
MNG,AERO MONGOLIA,Mongolia
MNH,MONARCH AIR,United States
MNJ,MENAJET,Lebanon
MNM,MANASIK,Saudi Arabia
MNO,TULCA,South Africa
MNS,MEDSKY,Libya
MNT,MONTSERRAT,United Kingdom
MNU,MAINER,United States
MNV,NAVALE,Mauritania
MNX,MANX,United Kingdom
MNY,MOONEY FLIGHT,United States
MOC,AEROMARAT,Mexico
MOD,MONDEGO,Portugal
MOG,FELIX,United Kingdom
MOL,TAXI MOREL,Mexico
MOM,RUSALT,Russia
MON,MONARCH,United Kingdom
MOP,PUBLICITARIA,Angola
MOR,AEROMORELIA,Mexico
MOT,MOTAHIDA,Libya
MOV,MOV AIR,Russia
MOW,MOHAWK AIR,United States
MOZ,MOZART,Austria
MPA,MID PAC,United States
MPD,RED COMET,Spain
MPH,MARTINAIR,Netherlands
MPO,AMPARO,Mexico
MPR,HONEY BEE,Nigeria
MQT,MUSKETEER,France
MRA,MARTEX,United States
MRC,MARTRANS,United States
MRD,MERIDIAN,United States
MRE,MED RESCUE,Namibia
MRF,MAUR-FRET,Mauritania
MRH,MARHAM,United Kingdom
MRJ,MERAJ AIRLINE,Iran
MRK,MARKAIR,United States
MRN,MARIANNE,France
MRO,MORRISON,United States
MRP,ABAS,Czech Republic
MRR,MARINER,United States
MRT,MIKE ROMEO,Mauritania
MRV,XENA,Ukraine
MRX,SPEEDMARK,United States
MRY,AIR MARINE,France
MRZ,MARS,Zimbabwe
MSA,MISTRAL WINGS,Italy
MSB,LONG,Moldova
MSE,EGYPTAIR EXPRESS,Egypt
MSF,MINSHENG,China
MSG,SAR-REGIONAL,Mozambique
MSH,MARSHALAIR,United States
MSI,MOTOR SICH,Ukraine
MSJ,MAGNUM AIR,Philippines
MSK,MAK AIRLINES,Kyrgyzstan
MSL,MARSLANDAIR,Sudan
MSM,AEROMAS EXPRESS,Uruguay
MSN,MILCARGO,Mexico
MSP,SEGURIDAD,Costa Rica
MSQ,META,Brazil
MSR,EGYPTAIR,Egypt
MSS,GLOBE MASTER,Mauritania
MST,MASTER,Brazil
MSU,MALUTI SKY,Lesotho
MSX,EGYPTAIR CARGO,Egypt
MSY,MASSEY,New Zealand
MTA,GAK AVIATION,United States
MTB,AEROMETROPOLIS,Mexico
MTD,MATADOR,United States
MTE,TELEJET,Morocco
MTF,INTERJET,Italy
MTG,AERO TETE,Mexico
MTH,RESEARCH,United States
MTI,MONTERREY AIR,Mexico
MTJ,METROJET,China
MTK,AIRMETACK,Angola
MTL,MITAVIA,Latvia
MTM,METACHEM,United Kingdom
MTN,MOUNTAIN,United States
MTO,MARATHON,Greece
MTR,METRO,United States
MTS,MEDSERVICE,Mexico
MTU,BLUE RAIDER,United States
MTW,MAURITANIA AIRWAYS,Mauritania
MTX,MULTITAXI,Mexico
MUC,AIR MUNICH,Germany
MUG,MORNINGSIDE,United States
MUH,MUKHTARA AIR,Indonesia
MUI,TRANSAIR,United States
MUK,BLUE STAR,United Kingdom
MUN,AEROMUNDO,Mexico
MUR,ATLAS SKY,Russia
MUS,ADELPHI,Saint Vincent
MUT,IGAVIA,Russia
MVA,VALAIR,United States
MVE,MOVE FLIGHTS,Malta
MVJ,MIRA VISTA,United States
MVK,MINN STATE,United States
MVP,ALLSTAR,United States
MVR,MAV-AIR,United States
MVS,AIR SENOK,Sri Lanka
MWG,MASWINGS,Malaysia
MWH,MEGA WATT,United States
MWI,MALAWIAN,Malawi
MWL,MIDWEST AIRLINK,United States
MWM,MODERNAIR,Brazil
MWN,MAX NIGER,Niger
MWS,MALTA WINGS,Malta
MWT,MIDWEST,United States
MWY,MAURITANIENNE,Mauritania
MXA,MEXICANA,Mexico
MXD,MALINDO,Malaysia
MXE,MOZAMBIQUE EXPRESS,Mozambique
MXF,MAXFLIGHT,United States
MXG,PRESIDENCIA DE MEXICO,Mexico
MXM,MAXLINES,Ukraine
MXO,MEXAERO,Mexico
MXP,BEECHNUT,United States
MXQ,MEXIQUENSES,Mexico
MXS,MILLON EXPRESS,United States
MXT,TRANSMEX,Mexico
MXX,MERCHANT,Nigeria
MXY,MOXY,United States
MYD,MYLAND,Belize
MYF,MY FLIGHT,Mexico
MYI,MAYAIR,Mexico
MYJ,MY JET,Romania
MYK,MYLIN,China
MYM,MYAIR,Malaysia
MYO,MAYORAL,Spain
MYP,MANN ROYAL,Myanmar
MYS,AERO YAQUI,Mexico
MYU,INDO,Indonesia
MYW,MY SKY,Georgia
MYX,TALLINN CAT,Estonia
MZH,MERSAL,United Arab Emirates
MZI,ZORTE,Mongolia
MZN,AMAZON,United States
MZS,MAHFOOZ,Gambia
MZT,ZHONG TAI,China
MZY,MERMOZ,France
NAA,NORUEGA,Argentina
NAB,NIGER CARGO,Niger
NAC,YUKON,United States
NAD,TINADAR,Serbia
NAE,NATIONAL,Ethiopia
NAF,NETHERLANDS AIR FORCE,Netherlands
NAG,NATO,Germany
NAI,NOVAIR,Armenia
NAK,ENACSCHOOL,France
NAL,NORTHWAY,Canada
NAM,NAM,Namibia
NAN,NORSHIP,Norway
NAO,NORTH AMERICAN,United States
NAT,MASS AIR,United States
NAV,NAV DISPATCH,Czech Republic
NAX,NOR SHUTTLE,Norway
NAY,NAYSA,Spain
NBK,AL-AIR,Nigeria
NBR,NORBROOK,United Kingdom
NBT,LONGSHIP,Norway
NCA,NIPPON CARGO,Japan
NCB,NORTH CARIBOU,Canada
NCC,STARFLEET,United States
NCG,NETHERLANDS COASTGUARD,Netherlands
NCH,CHANCHANGI,Nigeria
NCJ,NORTH CENTRAL,United States
NCL,ANCARGO AIR,Angola
NCN,NICON AIRWAYS,Nigeria
NCO,NATALCO,Sao Tome and Principe
NCP,CAPITAL SHUTTLE,Nigeria
NCR,NATIONAL CARGO,United States
NCT,BIG BIRD,Thailand
NDA,NORDICA AIR,Estonia
NDD,NORDEND,Italy
NDF,NAMIBIAN AIRFORCE,Namibia
NDG,SANDOG,United States
NDJ,BASSAMAT,Chad
NDL,NEEDLE,Canada
NDT,ND AEROTAXIS,Mexico
NDU,SIOUX,United States
NDY,NORMANDIE,France
NEA,NEW ENGLAND,United States
NEC,NECON AIR,Nepal
NEG,AGUAS NEGRAS,Chile
NEJ,NET BUSINESS,China
NEL,NELLA,Brazil
NEN,NORTHEAST SWAN,Nigeria
NEP,WARISAN,Malaysia
NES,NEWS,Sweden
NET,NETWORK,Nigeria
NEW,NORTHEASTERN,United States
NEX,NEATAX,United Kingdom
NFA,NORTH FLYING,Denmark
NFE,NORDIC BLUE,Finland
NFL,GREAT LAKES,United States
NFX,SUNSET,United States
NGC,ANGOSERVICE,Angola
NGF,ANGEL FLIGHT,United States
NGL,MAXAIR NIGERIA,Nigeria
NGN,YODA,Germany
NGO,AIR ANGOL,Angola
NGP,REGAL EAGLE,Nigeria
NGR,NIGERIAN AIRFORCE,Nigeria
NGV,ANGOAVIA,Angola
NGX,AIR GLOBAL,Nigeria
NHC,NORTHERN,Germany
NHD,NEMO,Denmark
NHE,NORD,Norway
NHG,HELGA,Brazil
NHK,NIGHTHAWK,United States
NHL,NORTHUMBRIA,United Kingdom
NHT,NEWHEIGHTS,South Africa
NHX,EVO,Belgium
NHZ,GOLD,United Kingdom
NIA,NILE BIRD,Egypt
NIG,AEROLINE,Nigeria
NIM,NIMJET,Portugal
NIN,NIGER AIRLINES,Niger
NIS,NEVIS,United Kingdom
NIT,NIGHTTRAIN,United States
NJA,SHIN NIHON,Japan
NJC,NASHVILLE JET,United States
NJE,FRACTION,Portugal
NJM,NORTHERN JET,United States
NJS,NATIONAL JET,Australia
NJT,NETJET,United States
NJU,ARTISAN,United Kingdom
NJX,NEOJETS,Romania
NJZ,NEOJET,United States
NKA,ANKA CARGO,Egypt
NKP,ABAKAN AIR,Russia
NKS,SPIRIT WINGS,United States
NKT,NORTH COUNTRY,United States
NKY,AEROMON,Mexico
NKZ,NOVOKUZNETSK,Russia
NLA,PENINSULA,United States
NLE,NELLIE,United States
NLF,NORTHERN LIFE,Canada
NLI,NORTH LINK,Canada
NLJ,NEW DRAGON,China
NLW,NILE WINGS,Sudan
NMA,NESMA,Egypt
NMB,NAMIBIA,Namibia
NMD,NOMAD AIR,Namibia
NME,NAMASTE AIR,Nepal
NMG,TIANJIAO AIR,China
NMI,TSUNAMI,United States
NMJ,BACKWOODS,United States
NML,NEWMILL,Gambia
NMR,E-MED,Namibia
NOA,NOAA,United States
NOF,FONNA,Norway
NOH,NORTHOLT,United Kingdom
NOJ,NOVAJET,Canada
NOK,NOK AIR,Thailand
NOL,NAT AIRLINE,Egypt
NOM,JANDERS,United States
NOR,NORSKE,Norway
NOS,MOONFLOWER,Italy
NOT,COSTA NORTE,Chile
NOU,NORDUN,Norway
NOV,NOVANILE,Sudan
NOW,NORWEGIAN,Norway
NOZ,NORDIC,Norway
NPG,NOVA,Ukraine
NPL,AIR NEPAL,Nepal
NPR,AIR NAPIER,New Zealand
NPT,NEPTUNE,United Kingdom
NQN,LASA,Argentina
NRA,AIRNOAR,Brazil
NRK,NATURELINK,South Africa
NRL,NOLINOR,Canada
NRN,NETHERLANDS NAVY,Netherlands
NRR,NATUREAIR,Costa Rica
NRT,NORESTAIR,Spain
NRW,HUMMEL,Germany
NRX,NORSE AIR,South Africa
NSA,NILE SAFARIS,Sudan
NSC,TRANS-SOCIETE,Mauritania
NSE,SATENA,Colombia
NSF,NORTON,United Kingdom
NSH,NORTH-SHORE,United States
NSI,NORTHERN SKIES,United States
NSJ,NANSHAN,China
NSK,INTERSALONIKA,Greece
NSL,NERICAIR,United Kingdom
NSM,THUNDERCLOUD,United States
NSN,NASIM AIR,Iran
NSO,SOSA,Honduras
NSP,SAM PURSE,United States
NSR,AIR STAR,Thailand
NSS,NESMA CONNECT,Saudi Arabia
NST,NISHAT,Pakistan
NSY,QUNYING,China
NSZ,REDNOSE,Sweden
NTA,THUNDERBIRD,Canada
NTC,NIGHT CHASE,United States
NTF,NETFLIGHT,Czech Republic
NTG,INTEGRALES,Mexico
NTH,NORTH AIR,Japan
NTK,NATCA,United States
NTN,NATCHAIR,South Africa
NTR,NATIREVA,France
NTS,NITE STAR,United States
NTW,NORTHWOODS,United States
NTX,TIFLIS,Georgia
NUA,UNITED NIGERIA,Nigeria
NUB,VALLETTA,Malta
NUK,NANUCK,Canada
NUL,SERVICIOS NUEVOLEON,Mexico
NUM,NOMADJET,Switzerland
NUS,ENJET,United States
NVC,NAV CAN,Canada
NVD,NORDVIND,Lithuania
NVJ,NOUVINTER,Tunisia
NVK,VARTOVSKAVIA,Russia
NVM,NAVIERA,Mexico
NVO,ENVUELO,Spain
NVQ,NOVO AIR,Bangladesh
NVR,NAVIGATOR,Sweden
NVS,NOUVELLE AFFAIRES,Gabon
NVT,NATIVE,United States
NVY,NAVY,United Kingdom
NWA,SOLEIL NIGER,Niger
NWB,NIGERIA AIR,Nigeria
NWC,WEST WAY,Russia
NWD,NEW WORLD,United States
NWF,SECOND CITY,United States
NWG,NORWING,Norway
NWH,NORTHERN WINGS,Greece
NWK,NETLINK,Australia
NWL,NORTHWRIGHT,Canada
NWS,NORDLAND,Russia
NWX,NATIONWIDE,United States
NWY,NEW WAY CARGO,Kyrgyzstan
NXA,NEXT AIR,Bangladesh
NXC,NEXCON,United States
NXS,NEXUS AVIATION,Nigeria
NXT,NEXTNET,United States
NXU,NEXUS,Saudi Arabia
NYB,BELGIAN NAVY,Belgium
NYL,NILE,Sudan
NYS,NYASA,Malawi
NYT,YETI AIRLINES,Nepal
NYX,NYX AIR,Estonia
NZM,MOUNTCOOK,New Zealand
OAC,ORIENTAL AIR,Nigeria
OAD,ORSCOM,Egypt
OAE,OMNI-EXPRESS,United States
OAL,OLYMPIC,Greece
OAN,OTAN,Belgium
OAO,DVINA,Russia
OAR,BOSS AIR,Spain
OAS,ORCHID,United Kingdom
OAV,OMNI,Portugal
OAW,HELVETIC,Switzerland
OBC,OLYCAM,United Kingdom
OBJ,OBJETIVO,Spain
OBK,AMAKO AIR,Nigeria
OBS,ORBEST,Portugal
OBT,COSMIC GIRL,United States
OCA,AROSCA,Venezuela
OCE,HELIOCEAN,France
OCJ,OVERSTAR,San Marino
OCL,SOCA,Barbados
OCN,OCEAN,Germany
OCO,AIR COLLEGE,Belgium
ODM,JETAFRICA,Kenya
OEA,ORIENT THAI,Thailand
OED,ORION CHARTER,South Africa
OES,ART AUSTRIA,Austria
OEW,DREAMER,Spain
OEY,RIMBUN AIR,Indonesia
OFL,OPEN FLIGHT,France
OFT,OUTFITTER,United States
OFY,AEROSOF,Mexico
OGA,OASIS AIR,Niger
OGJ,BAKO AIR,Nigeria
OHS,ODENGENE,Nigeria
OHY,ONUR AIR,Turkey
OIX,ORIONIX,Russia
OJO,OHJOH,Kenya
OJT,ORYSTAR,United Kingdom
OKA,OKAYJET,China
OKC,THUNDER WINGS,United States
OKJ,OKADA AIR,Nigeria
OKL,OKLAHOMA,United States
OKS,SLOK GAMBIA,Gambia
OKT,SOKO AIR,Spain
OLA,OVERLAND,Nigeria
OLC,SOLARCARGO,Venezuela
OLD,AIR ORENDA,China
OLE,OPERADORA,Mexico
OLL,MINMEX,Mexico
OLO,VOLODO,Dominican Republic
OLR,COLAEREOS,Ecuador
OLS,FLIGHT SOL,Argentina
OLV,OLIVIA,United States
OLY,OLYAIR,Greece
OMA,OMAN AIR,Oman
OMB,OMNIBLU,Nigeria
OMD,NOMADIC,United States
OME,OMEGA TANKER,United States
OMF,OMNIFLYS,Mexico
OMG,OMEGA,United Kingdom
OMI,OMNI AIR,Brazil
OML,MAMBRA,Angola
OMR,ORMINE,Central African Republic
OMS,MAZOON,Oman
ONE,OCEANAIR,Brazil
ONI,OMNI TRAINING,Portugal
ONO,NORAERO,Mexico
ONS,AIR DREAMS,Chile
ONT,ONTARIO GOVERNMENT,Canada
ONY,ONLY JET,Germany
OOK,SKYHOOK,United Kingdom
OOO,CLICK ONE,Georgia
OOT,OOTBAS,South Africa
OPM,OPTIMA,South Africa
OPN,OPEN AIR,United States
OPR,AVIACORE,Mexico
OPS,OPS-JET,United Arab Emirates
OPT,OPTIONS,United States
OPV,OPERADORA DE VUELOS,Mexico
ORA,LONG ISLAND,United States
ORC,ORIENTAL BRIDGE,Japan
ORE,ORANGE AVIATION,Israel
ORF,OMAN,Oman
ORG,ORENAVIA,Russia
ORH,ORSHA,Belarus
ORI,RED GLOBE,Spain
ORN,ORANGE JET,United States
ORO,CAPRI,Spain
ORT,SKYWALKER,Jersey
ORZ,ZOREX,Spain
OSC,UNCIELO,Chile
OSD,SECDEF,United States
OSJ,OSCARJET,Moldova
OSL,SOSOLISO,Nigeria
OSN,AEROSAN,Mexico
OSS,NOTICIOSOS,Mexico
OST,OSTATE,United States
OSU,SCARLET,United States
OSY,OPEN SKIES,United States
OTA,OUTLAW,United States
OTC,AIR TRAVEL,China
OTF,ORANGESKY,Greece
OTK,ON TRACK,United Kingdom
OTN,LASTP,Sao Tome and Principe
OTR,ORIENTROC,Sudan
OTS,TRESALIA,Mexico
OTT,OTT AIRLINES,China
OUA,CRIMSON,United States
OUF,ELEMENT,China
OUL,SOUL BIRD,United States
OVA,AERONOVA,Spain
OVD,RUSSIA CORP,Russia
OWE,OWENAIR,South Africa
OWI,AEROWIN,Mexico
OWL,NIGHT OWL,United States
OWN,AERO OWEN,Mexico
OXF,OXFORD,United Kingdom
OXS,OXUS AIRWAYS,Afghanistan
OYA,OYAA,Libya
OYE,KODA AIR,Nigeria
OYO,ROGUE,France
OZB,AIR PRIMUS,Nigeria
OZK,SILVER SCREEN,United States
OZN,ORANGE TAIL,United States
OZT,OZARK TECH,United States
PAA,CLIPPER,United States
PAB,PARAIR,Tajikistan
PAC,POLAR,United States
PAD,AIR PROFESSIONAL,United States
PAE,PAISAJES,Spain
PAF,PATHFINDER,United States
PAG,PERIMETER,Canada
PAH,LANI,United States
PAI,SEA RAY,United States
PAJ,ALIPARMA,Italy
PAK,PACIFIC ALASKA,United States
PAL,PHILIPPINE,Philippines
PAM,MAP AIR,Brazil
PAO,POLYNESIAN,Samoa
PAQ,SOLPAC,Solomon Islands
PAS,PELITA,Indonesia
PAT,PAT,United States
PAU,PALAIRWAYS,Palau
PAV,BRILLIANT,Germany
PAW,POINTAIR BURKINA,Burkina Faso
PAX,PANNEX,United States
PAZ,POINTAIR NIGER,Niger
PBA,PILBARA,Australia
PBB,ADEBAR,Germany
PBD,POBEDA,Russia
PBF,PENN-FOREST,United States
PBN,BLUEBIRD,New Zealand
PBR,POLAR BEAR,Canada
PBU,AIR-BURUNDI,Burundi
PBW,BUSSARD,Germany
PBY,PEARL SERVICES,Uganda
PCE,PACE,United States
PCF,PACIFIC,Australia
PCH,PILATUS WINGS,Switzerland
PCI,PROTEA COIN,South Africa
PCJ,PACIFIC JET,United States
PCK,AIRPACK EXPRESS,Spain
PCL,PINNACLE GROUP,United States
PCM,PAC VALLEY,United States
PCN,PRINCETON,United States
PCO,PASCO,Canada
PCP,PRINCIPAL,Chile
PCR,PACAIR,United States
PCS,AIR PALACE,Mexico
PCT,POLLUTION PATROL,Germany
PDD,PADA,United States
PDG,OSPREY,United Kingdom
PDI,COKI,United States
PDK,PREDANNACK,United Kingdom
PDQ,DISPATCH,United States
PDT,PIEDMONT,United States
PDU,PURDUE,United States
PDX,PACKAGE EXPRESS,Bahamas
PDY,PENDLEY,United Kingdom
PEC,PASS AVIATION,Senegal
PEF,PERFECT AVIATION,Portugal
PEG,PEGJET,United States
PEI,PANAMEDIA,Spain
PEL,AIRPEN,Kenya
PEM,AKIBA,Equatorial Guinea
PEO,PETRO AIR,Libya
PER,PAS AIR,Egypt
PET,AEROPETRO,Colombia
PEV,PEOPLES,Austria
PEX,PECTEN,United Kingdom
PFA,PARIS AIR,United States
PFC,PERFORMANCE AIR,Bahamas
PFI,PACIFICO CHIHUAHUA,Mexico
PFL,PACIFICFLYER,Palau
PFP,POLICIA FEDERAL,Mexico
PFR,PACIFIC WEST,United States
PFS,JAY BIRD,United States
PFT,PARAGON FLIGHT,United States
PFU,PFUNWA,Zimbabwe
PFY,PELFLIGHT,Australia
PFZ,PROFLIGHT-ZAMBIA,Zambia
PGA,PORTUGALIA,Portugal
PGC,GREEN CLUB,Belgium
PGG,GOLD AVIATION,Venezuela
PGJ,UBER,United States
PGL,PREMIERE,United Kingdom
PGN,PEREGRINE,United States
PGQ,SPARFELL LUX,Luxembourg
PGR,PRESTIGE AIR,United States
PGT,SUNTURK,Turkey
PGV,FLANA,South Africa
PGX,PARAGON EXPRESS,United States
PHA,PARSEC,Australia
PHB,PHOEBUS,South Africa
PHC,HELICOPTERS,Colombia
PHD,PANHANDLE,United States
PHE,PAWAN HANS,India
PHF,SHAN FENG,China
PHG,PENNINE,United Kingdom
PHH,IBIS,Germany
PHJ,PEACHJET,United States
PHL,PHILLIPS,United States
PHM,PETROLEUM,United States
PHN,JADESTAR,Kenya
PHP,SKY POWER,Philippines
PHS,PASSAT,Germany
PHT,PANANK,Turkey
PHU,PANNON,Hungary
PHV,NEW BIRD,France
PHX,PHOENIX NORTH,Canada
PIA,PAKISTAN,Pakistan
PIC,PACIFIC AIRLINES,Vietnam
PIK,POLICE IKARUS,Germany
PIM,PINFRAMAT,Angola
PIN,ROAD RUNNERS,United States
PIO,PIONEER,United States
PIP,PILOT,Norway
PIR,PAMIR,Afghanistan
PIS,PARSIS,Iran
PIU,PRIMA,South Africa
PIX,FEINI,China
PIZ,CAPRICORN,Switzerland
PJA,PRIVATE FLIGHT,United States
PJC,PITTSBURGH JET,United States
PJE,PEE JAY,United States
PJF,PROJET,United States
PJI,PRE JET,United States
PJJ,SKYBOSS,Bulgaria
PJP,PRINCELY JETS,Pakistan
PJS,JETAVIATION,Switzerland
PJT,PARTNERJET,Canada
PJV,PREMIUM JET,Austria
PJZ,PRIMEJET,Switzerland
PKP,PIKES PEAK,United States
PKR,PAKKER AVIO,Estonia
PKW,PLATINUM WEST,United States
PKZ,PRAVI,Kazakhstan
PLA,POLYAIR,United States
PLB,POLYBLUE,New Zealand
PLC,SPECIAL,United Kingdom
PLF,POLISH AIRFORCE,Poland
PLG,PILGRIM,Russia
PLL,AIRPAL,Spain
PLM,PULLMAN,Spain
PLN,PLANAR,Angola
PLQ,PLANETCAM,Cameroon
PLR,POLARIS,Canada
PLS,PLACAR,Brazil
PLT,PALMETTO,United States
PLU,PILATUS MEXICO,Mexico
PLV,PERLA,Venezuela
PLX,POOLEX,United Kingdom
PLY,PUMA BRASIL,Brazil
PLZ,PALS HOPE,United States
PMA,PAN MALAYSIA,Malaysia
PMC,PRIMAC,United States
PMF,ALFESTIVAL,Mexico
PMG,THOR,Thailand
PMI,AEREOPRIM,Mexico
PML,PRIME NIGERIA,Nigeria
PMM,PARADIGM,United States
PMO,PETER AIR,Syria
PMS,PLANEMASTER,United States
PMT,MULTITRADE,Cambodia
PMV,POLICE MERLIN,Germany
PMW,PARAWAY,India
PMX,PAMBELE,South Africa
PNA,TROPIC BIRD,Palau
PNC,PRINCE AVIATION,Serbia
PNH,KUBAN LIK,Russia
PNJ,PAC JET,United States
PNK,AIR PINK,Serbia
PNL,AEROPERSONAL,Mexico
PNM,PANAMERICANO,Venezuela
PNO,PANO,Canada
PNP,PINEAPPLE AIR,Bahamas
PNR,SKYJET,Spain
PNT,PRINT,Brazil
PNU,AERO PLATINUM,Mexico
PNW,PALESTINIAN,Egypt
PNX,SPINNER,Netherlands
PNY,POLISH NAVY,Poland
POA,PORTUGUESE ARMY,Portugal
POB,POBLANOS,Mexico
POC,POCONO,United States
POD,AIRPOD,United States
POE,PORTER AIR,Canada
POF,AIRPOL,France
POM,JETKIC,Malta
PON,PORTUGUESE NAVY,Portugal
POR,PORTEADORA,Mexico
POS,PORSCHE,Austria
POW,AIRNET,United Kingdom
POY,APOYO AEREO,Mexico
PPA,AIR PROP,United States
PPC,PALAU ASIAPAC,Palau
PPG,PAPAGO,United States
PPH,POLICE PHOENIX,Germany
PPK,PELICAN,United States
PPL,PEGASUS,India
PPQ,PERSONASPAQ,Mexico
PPR,PROPSTAR,United Kingdom
PPS,PIPESTONE,United States
PPU,PAPUGA,Poland
PPV,PAVLOVSK,Russia
PQA,SAGE BRUSH,United States
PRA,PARSAVIA,Iran
PRB,PRAMS AIR,United States
PRD,PRESIDENTIAL,United States
PRE,PRECISION,United States
PRF,PRECISION AIR,Tanzania
PRG,AIR PRAGUE,Czech Republic
PRH,PROHAWK,United States
PRI,ROVATE,Mexico
PRJ,PRONAIR,Spain
PRK,PARACA,Spain
PRL,FLY PREMIER,Somalia
PRM,PRIME AIR,United States
PRN,PIRINAIR EXPRESS,Spain
PRO,PROPAIR,Canada
PRP,PRONTO,Spain
PRS,PARS SKY,Iran
PRT,PRIME ITALIA,Italy
PRU,COLORBIRD,United States
PRV,PRE VAT,United States
PRW,JETBIRD,Latvia
PRX,PRADHAAN,India
PRY,PRIORITY AIR,United States
PRZ,AERONAUTIC,Mexico
PSA,PACIFIC ISLE,United States
PSC,PASCAN,Canada
PSE,SIPSE,Mexico
PSF,LIZARD,United Kingdom
PSG,PIER JET,Gambia
PSH,PASSION,United Kingdom
PSI,PONT,Suriname
PSJ,PASSION JET,San Marino
PSK,SUPPORT,United States
PSN,POTOSINA,Mexico
PSO,AEROPEGASO,Mexico
PSP,PUBLISERVICIOS,Mexico
PSR,POLESTAR,United Kingdom
PSS,PROGRESS,Russia
PST,TURISMO REGIONAL,Panama
PSU,PREMIUM,Portugal
PSV,PROSERVICIOS,Dominican Republic
PSW,PSKOVAVIA,Russia
PSX,SMILEY,United States
PSY,PLYSA,Spain
PSZ,POP-AIR,United States
PTA,PARATA AIR,South Korea
PTB,PASSAREDO,Brazil
PTC,MENTOR,Ireland
PTD,PITY,Mexico
PTE,AERO-COP,Mexico
PTH,PROTEUS,France
PTJ,PAT-JETS,United States
PTK,PETROKAM,Russia
PTL,PLANTATION,United States
PTN,PLATOON,Germany
PTO,ROOKIE,Germany
PTP,TRANS PACIFIC,Palau
PTQ,TOWNSEND,United States
PTR,DASH PORT,Canada
PTS,PENTRA,Mexico
PTT,PAVIATION,Mexico
PTW,PATTAYA,Thailand
PTY,PETTY,United States
PUE,SPANISH,Spain
PUF,PUFFIN,United Kingdom
PUK,PUNKER,United States
PUL,PULSE,Canada
PUN,PRATISE,Austria
PUR,SPURWING,South Africa
PUV,PUBLIVOO,Portugal
PVA,PRIVATE AIR,United States
PVD,PAD AVIATION,Germany
PVG,PRIVILEGE,Spain
PVL,PROVINCIAL,Canada
PVN,PERUVIAN,Peru
PVO,PRIVATE ORANGE,United States
PVR,PRIVAIR,France
PVS,PASA,Saudi Arabia
PVU,PEAU,Tonga
PVV,SUNDAY,Moldova
PWA,PRIESTER,United States
PWC,PRATT,Canada
PWF,PRIVATE WINGS,Germany
PWR,POWERGRID,United States
PXA,PECOTOX,Moldova
PXC,PALAU EXPRESS,Palau
PXG,PHOENIX GLOBAL,United States
PXJ,PHOENIX JET,United States
PXR,PIXAIR,France
PXT,PACK COAST,United States
PXX,PINE STATE,United States
PYA,POUYA AIR,Iran
PYC,AEROPYCSA,Mexico
PYN,POYSTON,United Kingdom
PYZ,PLAYERS AIR,United States
PZA,AEREO PARAZA,Mexico
QAF,AMIRI,Qatar
QAI,CHICKPEA,United States
QAJ,DAGOBERT,Germany
QAQ,QURINEA AIR,Libya
QAS,QUISQUEYA,Haiti
QAV,QUIET AVIATION,Czech Republic
QAZ,SAMRUK,Kazakhstan
QBA,BILQIS,Yemen
QBD,SEAGULL AIR,China
QCL,ACLA,Uruguay
QDA,SKY LEGEND,China
QFA,QANTAS,Australia
QFX,SPARFELL,Malta
QFZ,FARS QESHM,Iran
QGA,QUADRIGA,Germany
QHD,QUAHADI,United States
QID,QUID,United States
QJE,KANGA,Australia
QJT,JIU TIAN,China
QLK,Q LINK,Australia
QNK,KABO,Nigeria
QNR,QUEEN AIR,Czech Republic
QNT,SHARQ,Uzbekistan
QNZ,QANTAS JETCONNECT,New Zealand
QPL,QUPULA,Mexico
QQE,QREX,Qatar
QSC,ZEBRA,Kenya
QSM,QESHM AIR,Iran
QSR,SPARKLE ROLL,China
QTM,GANSUM,Spain
QTR,QATARI,Qatar
QUE,QUEBEC,Canada
QUI,QUIMMCO,Mexico
QXE,HORIZON AIR,United States
QYT,TAW AIR,Nigeria
QZR,ROYAL ZAM,Zambia
RAA,RYNES AVIATION,United States
RAB,RAYYAN INTERNATIONAL,Pakistan
RAC,TUZLA AIR,Bosnia and Herzegovina
RAD,AIR ALADA,Angola
RAF,FARNAS,Sudan
RAG,RAGLAN,Canada
RAI,RAIMON,Iran
RAK,SPORT CLUB,Latvia
RAL,ROSWELL,United States
RAM,ROYALAIR MAROC,Morocco
RAN,RANO AIR,Nigeria
RAP,RAPTOR,United States
RAS,SHANHIL,United States
RAT,RAINDROP,Zimbabwe
RAU,UGANDA ROYAL,Uganda
RAV,ROLLINS,Honduras
RAW,BLUERAY,Kenya
RAX,AIR ROYAL,United States
RBA,BRUNEI,Brunei
RBD,REDBIRD,Canada
RBF,RAINDO,Indonesia
RBG,ARABIA EGYPT,Egypt
RBI,MAJOR LEAGUE,United States
RBK,RIOBAKER,Chile
RBL,ROYAL BELAU,Palau
RBN,RED BARON,United States
RBR,SIAM AIRNET,Thailand
RBU,CORVETTE,France
RBW,CAI HONG,China
RBY,RUBY,United States
RCA,RICHLAND,United States
RCB,BALEARES,Spain
RCD,AEROCLUB,Spain
RCG,ROYAL CARGO,South Africa
RCH,REACH,United States
RCI,AIR CASSAI,Angola
RCJ,NEWPIN,United Kingdom
RCK,ROCKET AVIATION,Nigeria
RCM,CANNES AZUR,France
RCN,SPEED CARGO,Nigeria
RCO,AEROCOAHUILA,Mexico
RCR,ROMCARGO,Romania
RCT,GREEN SKY,Thailand
RCX,SERVICE CENTER,Italy
RDA,RADA,Belarus
RDC,LINEAS DELCENTRO,Mexico
RDF,RED FOX,Germany
RDJ,RED JET,Barbados
RDK,RED DUKE,United States
RDL,RED LIFT,Norway
RDM,AIR ADA,Mauritania
RDN,RED BARN,United States
RDO,AIRDOM,Dominican Republic
RDR,RED STAR,United Kingdom
RDS,RHOADES EXPRESS,United States
RDY,RODNEY,United States
RDZ,RODZE AIR,Nigeria
REA,RED DOMINICANA,Dominican Republic
REB,REBUS,Bulgaria
REC,TRANS-RECO,Mauritania
RED,RED CROSS,Switzerland
REE,SKYFALL,Bahamas
REF,REEF AIR,New Zealand
REG,REGIONAL SERVICES,Tanzania
REH,REACHMED,United States
REJ,REGIONAL LINK,South Africa
REL,RELIANCE AIR,United States
REM,ROSE,Bulgaria
REN,ARENA,United Kingdom
REO,RIO,United States
RER,REGAIR,Ecuador
REU,REUNION,France
REV,ENDURANCE,United Kingdom
REX,RAM EXPRESS,United States
REY,AEROREY,Mexico
RFD,RAFILHER,Mexico
RFE,RUSSIAN EXPRESS,Russia
RFF,RUSSIAN AIRFORCE,Russia
RFH,NUT,China
RFI,SHERLOCK,United Kingdom
RFR,RAFAIR,United Kingdom
RFS,RAINIER SKY,United States
RFT,ROMANIAN ACADEMY,Romania
RFX,REFLEX,United States
RFY,AEROFIL,Mexico
RGA,REGA,Switzerland
RGB,REGIONAL AIR,Bahamas
RGC,REGIOMONTANO,Mexico
RGD,KUWAIT CARGO,Kuwait
RGE,REGENT,Bangladesh
RGK,GRANCA,Spain
RGL,RIDGELINE,United States
RGM,BLACK STONE,Indonesia
RGN,CYGNUS AIR,Spain
RGO,PASSARO,Brazil
RGP,GARDEN CITY,Nigeria
RGR,AVIOR REGIONAL,Venezuela
RGS,RENOWN,United States
RGV,VOLON,Venezuela
RGY,REGENCY,United States
RHC,REDAIR,United Kingdom
RHD,RED HEAD,United Kingdom
RHE,TAR HEEL,United States
RHH,STAR CRESCENT,Turkey
RHK,REDHAWK,United Kingdom
RHL,ARCHIPELS,France
RHT,YELLOW BEE,DR Congo
RIA,RICHAIR,United States
RIC,RICHARDSON,United States
RIE,ARIEL,Burkina Faso
RIF,INTERMIN AVIA,Russia
RIH,RAHILA,Libya
RII,TICA,Costa Rica
RIM,RIMROCK,United States
RIN,RISSINGTON,United Kingdom
RIO,RIO LINHAS,Brazil
RIS,AERIS,Spain
RIV,RIVIERA,France
RIX,RECTRIX,United States
RJA,JORDANIAN,Jordan
RJB,PANELLENIC,Greece
RJC,COLUMBIA JET,United States
RJD,ROTANA,United Arab Emirates
RJJ,MAVEX,Panama
RJM,MILLEN,United Kingdom
RJR,JUMPJET,United States
RJS,ASERJET,Mexico
RJT,RA JET,Mexico
RJZ,JORDAN AIR FORCE,Jordan
RKA,AIR SAKHA,Russia
RKJ,ARCA JET,United States
RKK,ROCKTOWN,United States
RKS,ROCKSTAR,United States
RKT,BLUE GREEN,Malaysia
RKW,BONGOR,Chad
RLA,ROLEMA,Russia
RLB,SUNLIGHT,Philippines
RLE,RICO,Brazil
RLH,SENDI,China
RLI,RELIANT,United States
RLJ,REAL JET,United States
RLM,ROYAL AMERICAN,United States
RLO,REVILO,Nigeria
RLR,RATTLER,United States
RLT,REAL TONGA,Tonga
RLU,RUSLINE AIR,Russia
RLV,RELATIVE,San Marino
RLX,RELAX,Slovakia
RLY,LOYAUTE,France
RLZ,ALIZE,France
RMA,ROCKY MOUNTAIN,United States
RMB,ADRIATIC JET,Slovenia
RMD,AIR AMDER,Mauritania
RMF,ANGKASA,Malaysia
RMG,RUMUGU AIR,Nigeria
RMI,POINT AIRLINE,Nigeria
RMK,SIMRIK AIR,Nepal
RMN,RAINMAN,United Kingdom
RMO,ARM-AERO,Armenia
RMS,TASS AIR,United States
RMT,RAM FLIGHT,United States
RMU,AIR-MAUR,Mauritania
RMX,AIR MASTER,Egypt
RMY,RAYA EXPRESS,Malaysia
RNA,ROYAL NEPAL,Nepal
RNG,RENEGADE,Kenya
RNI,RENNIA,United States
RNO,ARNIE,Austria
RNR,RUNNER,United States
RNX,NEXTIME,South Africa
ROB,BAT JET,San Marino
ROD,AERODAN,Mexico
ROE,ESTE-BOLIVIA,Bolivia
ROF,ROMAF,Romania
ROG,REGO,Spain
ROI,AVIOR,Venezuela
ROJ,ROYALJET,United Arab Emirates
ROK,RED ROCK,United States
ROM,ROME,United States
RON,AIR NAURU,Nauru
ROO,AERO ROA,Mexico
ROR,RORAIMA,Guyana
ROT,TAROM,Romania
ROU,ROUGE,Canada
ROV,ROVERAIR,United States
ROW,ROTORWING,Norway
ROX,ROBLEX,United States
ROY,SKY DIVE,Israel
RPA,BRICKYARD,United States
RPB,AEROREPUBLICA,Colombia
RPC,AEROPACSA,Ecuador
RPM,COBALT,United States
RPN,REPATRIATE,United States
RPP,PILIPINAS,Philippines
RPR,AEROPROFESIONAL,Mexico
RPS,RESPONSE,United States
RPX,RAPEX,United Kingdom
RQJ,RESCUE JET,United States
RQT,AIR QUEST,United States
RRA,ROYAL RWANDA,Rwanda
RRC,AEROROCA,Mexico
RRE,AERO TORREON,Mexico
RRF,KITTY,United Kingdom
RRL,MERLIN,United Kingdom
RRR,ASCOT,United Kingdom
RRS,BLACKBOX,United Kingdom
RRT,SIERRA ALTA,Mexico
RRV,SKYROVER,Kenya
RRZ,ROLLRIGHT,United Kingdom
RSA,ESRA,Sudan
RSB,RUBYSTAR,Belarus
RSD,STATE AERO,Russia
RSE,IROSE,Bahamas
RSF,ARSAF,Saudi Arabia
RSH,SAHARA,India
RSI,AIR SUNSHINE,United States
RSJ,RUSJET,Russia
RSK,REDSKIN,United States
RSL,PANAMA RENTAL,Panama
RSM,ROYAL STAR,Philippines
RSO,AERO ASIA,Pakistan
RSP,RED STRIPE,United States
RSQ,SKYMEDIC,Namibia
RSR,CONGOSERV,Congo
RSS,ROSS CHARTER,South Africa
RST,RESORT AIR,United States
RSU,AEROSUR,Bolivia
RSV,RED SKY,Namibia
RSW,ROYAL SKY,Thailand
RSX,RED SEA,Egypt
RSY,RUSSIAN SKY,Russia
RTD,RIPTIDE,United States
RTE,LA MONTANA,Venezuela
RTG,REITAN,Norway
RTI,ROTORITALIA,Italy
RTL,ROYAL BIRD,Myanmar
RTM,AERO TRANSAM,Ecuador
RTN,RAYTHEON,United States
RTO,RACCOON,France
RTS,RELIEF,United Kingdom
RTU,AEROTUCAN,Mexico
RTV,TIC-TAC,Portugal
RTY,AIMS COLLEGE,United States
RTZ,AEROTUZLA,Romania
RUC,RUTACA,Venezuela
RUF,ROUGH RIDER,United States
RUK,BLUE MAX,United Kingdom
RUN,CARGO TURK,Turkey
RUR,RUSSTAR,Russia
RUT,YADID,Israel
RVA,RAVEN AIR,United States
RVC,RIVER CITY,United States
RVE,AIRVENTURE,Belgium
RVF,RAVEN FLIGHT,United States
RVG,AERO VINA,Mexico
RVJ,RIVERS JET,United States
RVM,RIVER,South Africa
RVN,RAVEN U-S,United States
RVP,SEVAIR,Portugal
RVQ,REVA AIR,United States
RVR,RAVEN,United Kingdom
RVT,ROSTVERTOL,Russia
RVU,GEORGIAN BALLOON,Georgia
RVV,REEVE,United States
RWD,RWANDAIR,Rwanda
RWE,ROYAL WEST,United States
RWG,RED WING,United States
RWK,AIRAWAK,France
RWL,RHEINTRAINER,Germany
RWN,ROJAS,Mexico
RWZ,AIR RED,Russia
RXF,AIDEN,China
RXI,RIYADH AIR,Saudi Arabia
RXP,EXPRESS MAROC,Morocco
RXT,AERO-EXTRA,Mexico
RYA,RYAN AIR,United States
RYB,ROYAL BAHRAIN,Bahrain
RYJ,RYJET,Spain
RYL,DOUBLE GOLD,Philippines
RYN,RYAN INTERNATIONAL,United States
RYR,RYANAIR,Ireland
RYS,MAGIC SUN,Poland
RYW,ROYAL WINGS,Jordan
RZB,AERO REGIONAL,Brazil
RZN,REDZONE,United States
RZO,AIR AZORES,Portugal
RZR,RECOVERY,United States
RZT,RITZ JET,China
SAA,SPRINGBOK,South Africa
SAB,CHEETAH,Chad
SAC,SASCO,Sudan
SAE,SAMPOERNA,Indonesia
SAF,SINGA,Singapore
SAG,AERO EAGLE,China
SAH,SMART JET,Poland
SAI,SHAHEEN AIR,Pakistan
SAJ,SAINT JET,China
SAK,RED ARROWS,United Kingdom
SAM,SAM,United States
SAN,SILVAIR NET,Poland
SAO,SAVSER,Mali
SAP,TOBOL,Kazakhstan
SAQ,SINBAD,Kenya
SAR,SPRINTAIR CARGO,Poland
SAS,SCANDINAVIAN,Sweden
SAT,SATA,Portugal
SAV,SUN AIR,Vietnam
SAX,SABAH AIR,Malaysia
SAY,SKY PATH,Russia
SAZ,SWISS AMBULANCE,Switzerland
SBA,SOL BRASIL,Brazil
SBB,BALKAN JET,Serbia
SBC,SABIAN AIR,South Africa
SBD,SIBIA,Russia
SBE,STARBASE,United States
SBF,S-BAR,United States
SBH,AEROSAAB,Mexico
SBI,SIBERIAN AIRLINES,Russia
SBJ,TRANS SAHARA,Nigeria
SBK,MAWINGU,Kenya
SBL,SKY BIRD,Egypt
SBM,TROPICAL SKY,Bahamas
SBN,SKYBOSNIA,Bosnia and Herzegovina
SBO,STABAIR,Zambia
SBP,SHAHIN BALL,Iran
SBQ,SKIBBLE,United States
SBR,FREIGHTER,United States
SBS,SEABORNE,United States
SBT,TAFTAN,Iran
SBU,BLACK FIN,France
SBV,RIPPLE,United Kingdom
SCA,AVIATOR,United States
SCB,SP CARGO,Brazil
SCC,SEA-COASTER,United States
SCD,ASSOCIATED,Nigeria
SCE,SCENIC,United States
SCF,SOCOFER,Angola
SCG,COSTA CALIDA,Spain
SCH,OCEAN BIRD,Seychelles
SCI,SAN CRISTOBAL,Mexico
SCJ,SPRING CITY,United States
SCK,SKYCAM,France
SCM,SCREAMER,United States
SCN,SILICON,United States
SCO,BRAVEHEART,Malta
SCP,SKY COPTER,Poland
SCQ,SCAVAC,Sweden
SCR,SILVER CLOUD,Germany
SCS,SOUTHERN CHARTERS,South Africa
SCT,SAAB-CRAFT,Sweden
SCU,SKELLY,United States
SCW,CHARTER WEST,United States
SCX,SUN COUNTRY,United States
SDB,SHORE AIR,United States
SDC,SUNDANCE,United States
SDD,SKY DANCE,United States
SDE,STAMPEDE,Canada
SDF,SUNFLY,Antigua and Barbuda
SDG,HI STAR,India
SDI,SERVI DINAMIC,Mexico
SDK,SADELCA,Colombia
SDL,SKYDRIFT,United Kingdom
SDM,ROSSIYA,Russia
SDN,BLUE NILE,Sudan
SDO,AERO DOMINGO,Dominican Republic
SDP,MAEEN,Yemen
SDQ,MEXTECNICO,Mexico
SDR,SUNDAIR,Germany
SDS,STANDARDS,United Kingdom
SDT,SADAT,Spain
SDU,SANTOS,United States
SDV,SELVA,Colombia
SDX,SERVICIO TECNICO,Mexico
SDY,SANDY ISLE,United States
SDZ,SUDANA,Sudan
SEA,SOUTHEAST AIR,United States
SEB,EURO AVIA,Cyprus
SEC,SECUREX,United States
SED,SEDONA AIR,United States
SEE,SEEKER,Canada
SEH,AIR CRETE,Greece
SEI,TRANSPORTE SIERRA,Mexico
SEJ,SPICEJET,India
SEK,EAST RIDER,Romania
SEL,SENTEL,United States
SEM,SEMO,United States
SEN,SENIOR AIR,Mexico
SEO,SELCON AIR,Nigeria
SEP,SERENE,Pakistan
SER,MANTIS,United Kingdom
SES,SERVISAL,Mexico
SET,SOLENTA,South Africa
SEU,SKY MALTA,Malta
SEV,CARGOPRESS,Spain
SEW,SKYWARD EXPRESS,Kenya
SEY,SEYCHELLES,Seychelles
SFD,DRACO,Spain
SFE,STAR FLIGHT,United States
SFF,SWIFTWING,United States
SFG,COLORSKY,Germany
SFH,STARFISH,United States
SFI,SPACE STAR,South Korea
SFJ,STARFLYER,Japan
SFL,SWIFTLINE,Bahrain
SFM,AIR SAFAR,Nigeria
SFN,SAFIRAN,Iran
SFR,CARGO,South Africa
SFS,TOPO,Switzerland
SFT,SKYFREIGHT,United States
SFU,SAINTS,United Kingdom
SFV,SAFE SERVICIOS,Mexico
SFW,SAFI AIRWAYS,Afghanistan
SFX,SWAMP FOX,United States
SFY,SKY FLITE,United States
SGA,SKY GUARD,Uzbekistan
SGB,SONGBIRD,United States
SGC,SPEC WINGS,San Marino
SGD,AIR BLUE,Philippines
SGE,SAGE AIR,United States
SGH,SERVISAIR,United Kingdom
SGL,STAR WINGS,Nigeria
SGO,SPEEDGOAT,United States
SGP,SAGOLAIR,Spain
SGQ,SAUDI GOLD,Saudi Arabia
SGT,STARGATE,South Africa
SGU,SOLPARAGUAYO,Paraguay
SGX,SLATE GLOBAL,United States
SHA,SHREE-AIR,Nepal
SHC,SKY HARBOR CHEYENNE,United States
SHE,SIAM WINGS,Thailand
SHF,VORTEX,United Kingdom
SHG,SHOP AIR,United Kingdom
SHH,SKY DOMENICANA,Dominican Republic
SHI,SHIRAZI,Iran
SHJ,SHARJAH,United Arab Emirates
SHL,SAMSON,United Kingdom
SHM,SHELTAM,South Africa
SHN,SUGAR ALFA,Pakistan
SHP,SAF,France
SHQ,SHANGHAI CARGO,China
SHS,SHIRAK,Armenia
SHT,SHUTTLE,United Kingdom
SHU,AURORA,Russia
SHV,SHAVANO,United States
SHW,SHADOW,Denmark
SHX,SLIM AIR,Nigeria
SHZ,ELITE SHARES,United States
SIA,SINGAPORE,Singapore
SIB,SEA AIR,Slovenia
SIC,SICHART,Thailand
SID,SIDERAL,Brazil
SIE,SEREX,United States
SIF,AIR SIAL,Pakistan
SIH,SKY ROADS,United States
SIL,SILVER WINGS,United States
SIN,SINKUNG,Malaysia
SIO,SIRIO,Italy
SIQ,SCIENCE QUEST,United States
SIR,SALAIR,United States
SIS,SILVERSPEED,United States
SIU,SIRIUS,South Korea
SIV,SOLENT-IVOIRE,Ivory Coast
SIX,DRIVE ORANGE,United States
SIY,SERENITY,United States
SIZ,AEROSILZA,Mexico
SJA,SAWYER,United States
SJB,SOUTHERN TIGER,Malaysia
SJC,SERVIEJECUTIVO,Mexico
SJD,AIR SINO,China
SJE,SUN JOURNEY,United States
SJF,HARMATTAN,Niger
SJG,SUMMER JET,United States
SJI,RHINO,Poland
SJJ,SPIRIT JET,United States
SJK,NUSANTARA,Indonesia
SJL,KAMILA,Kyrgyzstan
SJM,SINO SKY,China
SJN,SAN JUAN,United States
SJO,JEY SPRING,Japan
SJS,JET PORT,Mexico
SJT,ASAJET AIRLINES,Iran
SJV,PROSPER,Indonesia
SJX,STARWALKER,China
SJY,SRIWIJAYA,Indonesia
SKA,SKYLAN AIRWAYS,Jamaica
SKB,SKYBUS,United States
SKC,SKYMASTER AIR,Brazil
SKD,SKY DAWG,United States
SKE,SKYISLE,United States
SKF,SKYCRAFT,United States
SKG,SKY GABON,Gabon
SKH,SKYNEWS,United Kingdom
SKI,SKYKING,United Kingdom
SKJ,SKYNET AIR,Armenia
SKK,ASKY AIRLINE,Togo
SKL,SKYCHARTER,Canada
SKM,SKYTEM,United States
SKN,SKYLINER,United States
SKO,SKYWORK,United Kingdom
SKP,SKYTRANS,Australia
SKQ,SKYLAB,United States
SKR,SKYSCAPES,South Africa
SKT,SKYTROPIC,Panama
SKU,AEROSKY,Chile
SKV,SKY SIDE,Austria
SKW,SKYWEST,United States
SKX,SKY PERU,Peru
SKY,SKYMARK,Japan
SKZ,SKYWAY-INC,United States
SLB,SLOK AIR,Nigeria
SLC,SALSA,Haiti
SLD,SILVERLINE,Czech Republic
SLE,SLIPSTREAM,South Africa
SLF,KYRGYZ EAGLE,Kyrgyzstan
SLG,LIFEGUARD,Canada
SLH,SILVERHAWK,United States
SLI,COSTERA,Mexico
SLJ,SLAMAIR,Italy
SLK,SILKAIR,Singapore
SLM,SURINAM,Suriname
SLN,SLOANE,United Kingdom
SLO,SLOW,United States
SLP,SALPA,Sudan
SLQ,SKYLINK,Canada
SLR,SILVERSTONE,Kenya
SLS,POWER BLADE,San Marino
SLT,STARLIGHT CARGO,Sao Tome and Principe
SLU,AVIO SLUZBA,Serbia
SLV,AVISTELLA,Mauritania
SLW,SALMA AIR,Nigeria
SLX,SETE,Brazil
SLY,SKYCO,Sudan
SLZ,LUZA,Angola
SMA,SESAME,Nigeria
SMB,SKYMARK ELITE,San Marino
SMC,COMLUX,San Marino
SMD,SKYMAP,San Marino
SMF,SERES,San Marino
SMG,SMARTLINE,Austria
SMH,SMITHAIR,United States
SMI,SAMI,Mexico
SMJ,AVAVIA,Zimbabwe
SMK,FREEDOMSOMALI,Somalia
SML,SKYLINE,San Marino
SMM,SUMMIT-AIR,United States
SMN,SIMAVIA,Russia
SMO,SERVIAUTOMOTRIZ,Mexico
SMP,PRIMA AVIATION,San Marino
SMQ,SAMAR AIR,Tajikistan
SMR,SOMON AIR,Tajikistan
SMS,SANTOMENSES,Sao Tome and Principe
SMT,SKYLIMIT,Nigeria
SMU,SPRINGER,United States
SMX,SWANTON,United Kingdom
SMY,CABO CACTI,Mexico
SMZ,SCAMPTON,United Kingdom
SNA,CANA,Dominican Republic
SNC,NIGHT CARGO,United States
SND,SNOWBIRD,Australia
SNF,MATZADA,Israel
SNG,SNOW EAGLE,China
SNI,SAVANAHLINE,Nigeria
SNJ,NEWSKY,Japan
SNK,SUN KING,United States
SNL,SOONAIR,United States
SNM,SERVIZI AEREI,Italy
SNO,SONAVI,Mexico
SNP,SUN PACIFIC,United States
SNQ,EXECU-QUEST,United States
SNR,SUN GROUP,Sudan
SNT,SUNCOAST,United States
SNV,SUDANESE,Sudan
SNW,SUN WEST,United States
SOA,SOUTH AIRCHARTER,Bahamas
SOB,STABO,Zambia
SOC,SERVIAEREO,Mexico
SOD,ALSOL,Mexico
SOE,AIR SOLEIL,Mauritania
SOF,SKY COMFORT,Zimbabwe
SOH,SOUTHERN OHIO,United States
SOK,SNOW SKI,United States
SOL,SOLOMON,Solomon Islands
SOM,AERO-SAL,Mexico
SON,SONAS,Ireland
SOO,SOUTHERN AIR,United States
SOP,SOLINAIR,Slovenia
SOR,SONAIR,Angola
SOT,SOUTH COURIER,United States
SOU,PARADISE,China
SOW,SPARROW,Austria
SOY,SORIANO,Philippines
SPA,SIERRA PACIFIC,United States
SPB,SPRING CLASSIC,South Africa
SPC,PORT,United States
SPD,SKY PRIME,Saudi Arabia
SPE,SPRAGUE,United States
SPF,SPACE WORLD,Nigeria
SPG,SPEEDWING,Austria
SPH,SAPPHIRE-CHARTER,South Africa
SPI,SOUTH PACIFIC,United States
SPJ,SPECTRUM,United Kingdom
SPK,SOLSTAS LAB,United States
SPL,CORPORATIVOS LAGUNA,Mexico
SPN,SEPAHAN,Iran
SPO,SPORAVIA,Spain
SPP,SAPPHIRE,United States
SPQ,SUN LUX,Vietnam
SPR,SPEEDAIR,Canada
SPS,SALDUERO,Spain
SPT,SERVICIOS SUP,Mexico
SPU,SPUTTER,United States
SPV,SERVICIOS PRIVADOS,Mexico
SPW,ROYAL SPIRIT,Cambodia
SPY,THAI SPACE,Thailand
SPZ,SPEED SERVICE,South Africa
SQA,SLOVAK AEROCLUB,Slovakia
SQD,AERO SQUAD,United States
SQF,SLOVAK AIRFORCE,Slovakia
SQH,SASQUATCH,United States
SQM,GOLDEN FIN,Thailand
SQP,SKYUP,Ukraine
SQS,SKY QUEEN,Indonesia
SQU,REMUDO,United States
SQY,SKY TIRAS,Moldova
SRA,SAUDI ARABIAN,Saudi Arabia
SRB,SERBIAN AIR FORCE,Serbia
SRC,SEARCA,Colombia
SRD,COASTGUARD,United Kingdom
SRE,SERAMI,Venezuela
SRF,SAN RAFAEL,Chile
SRG,BRITISH RESCUE,United Kingdom
SRH,SIEMREAP AIR,Cambodia
SRI,AIRSAFARI,New Zealand
SRJ,SURIJET,Suriname
SRK,SHARK JET,France
SRL,SERVICIOS PERSONAL,Mexico
SRM,TARMEX,Mexico
SRN,SPRINTAIR,Poland
SRO,SAEREO,Ecuador
SRP,SPERBER,Germany
SRQ,BLUE JAY,Philippines
SRR,WHITESTAR,Denmark
SRS,SKY SOUTH,Kazakhstan
SRT,SURTEP,Mexico
SRU,STAR-UP,Peru
SRV,SERVICORP,Mexico
SRW,SARIA,Sudan
SRX,SIERRA EX,United States
SRY,STINGRAY,United States
SRZ,STRATO,South Africa
SSA,STAR-JET,Spain
SSB,SUASA AIR,Malaysia
SSC,SOUTHERN SKIES,United States
SSF,SEVERSTAL,Russia
SSG,SLOVAK GOVERNMENT,Slovakia
SSH,SNOWSHOE,United States
SSI,SUPER JET,Nigeria
SSJ,SIBERIAN SKY,Russia
SSK,SKYSTAR,United States
SSM,SASEMAR,Spain
SSN,SAHEL AVIATION,Niger
SSO,ORINOCO,Venezuela
SSP,STARSPEED,United Kingdom
SSQ,SUNSTATE,Australia
SSR,SARDINIAN,Italy
SSS,SAESA,Spain
SST,STETSON,Canada
SSU,SASCA,Venezuela
SSX,SHASTA,United States
SSZ,SPECSAVERS,United Kingdom
STA,STAR,United Kingdom
STB,SEA BARTH,France
STE,STEAMLINE,South Africa
STG,STAGE,United States
STH,ZELTRON,France
STJ,KINGSMAN,China
STK,STOBART AIR,Ireland
STL,STAPLEFORD,United Kingdom
STM,SKYSTREAM,Estonia
STN,SAINT ATHAN,United Kingdom
STO,SLOPS,Russia
STP,SAOTOME AIRWAYS,Sao Tome and Principe
STQ,STARTREK,Germany
STR,STERNA,Brazil
STT,SAWTOOTH,United States
STV,SATURN,United States
STW,MOON STAR,Turkey
STX,STARSAWAY,South Africa
STY,ALTAIR,United States
STZ,STUDIO,South Africa
SUA,AIR SILESIA,Czech Republic
SUB,SUB AIR,United States
SUD,SUDANAIR,Sudan
SUE,SU AIRLINES,Gambia
SUF,SUNFLOWER,Fiji
SUI,SWISS AIR FORCE,Switzerland
SUK,SKYCARGO,Kenya
SUL,ASTAIR,Brazil
SUM,SUMES,Russia
SUP,SUN SPEED,United States
SUQ,SUPERIOR,Greece
SUS,SUNSCAN,Denmark
SUT,SUMMIT,Canada
SUU,SUNSTAR,United States
SUV,DANCEAIR,Venezuela
SUY,SURVEY,New Zealand
SUZ,LEADER,Netherlands
SVA,SAUDIA,Saudi Arabia
SVB,SIAVIA,Slovenia
SVD,GRENADINES,Saint Vincent
SVE,AEROESPECIAL,Mexico
SVF,SWEDEFORCE,Sweden
SVG,SOLAVIA,Gabon
SVL,SUN DEVIL,United States
SVN,SAVANAIR,Angola
SVP,STAR INDIA,India
SVR,SVERDLOVSK AIR,Russia
SVS,DISCOVER,Sweden
SVV,SALTAVIATION,Poland
SVW,SILVER ARROWS,Luxembourg
SVX,SECURITY AIR,United States
SVZ,SERVICIOS VIZ,Mexico
SWA,SOUTHWEST,United States
SWB,SWIFT BIRD,United States
SWC,SWEDCOPTER,Sweden
SWD,SAWBLADE,United States
SWE,SWEDECARE,Sweden
SWF,GALAIR,United Kingdom
SWG,SUNWING,Canada
SWI,SUNWORLD,United States
SWK,ZAGEL,United Arab Emirates
SWM,SKY ANGKOR,Cambodia
SWN,AIR SWEDEN,Sweden
SWO,SIVA,Suriname
SWP,STAR WORK,Italy
SWQ,SWIFTFLIGHT,United States
SWR,SWISS,Switzerland
SWS,SUNNY WEST,United States
SWT,SWIFT,Spain
SWU,SKYALPS,Italy
SWV,SWEDEMED,Sweden
SWW,LAKE,Switzerland
SWX,SWEDAIR,Sweden
SWZ,SKYWISE,South Africa
SXA,FERRY,United States
SXC,SKY EXEC,Nigeria
SXD,SUNRISE,Germany
SXE,SALONE AIR,Sierra Leone
SXF,SOUTHERN FLIGHT,United States
SXI,SOUTHERN CROSS,Netherlands
SXJ,BIG WING,China
SXL,SONIC,United States
SXM,SAINT MAARTEN,Netherlands
SXN,SAXONAIR,United Kingdom
SXP,SOUTHPAC EXPRESS,Samoa
SXT,SERTAXI,Mexico
SXY,SAFARI EXPRESS,Kenya
SXZ,SOCALAIR,United States
SYA,SYPHAXAIR,Tunisia
SYB,SKYBIZ,Canada
SYC,SYSTEC,United States
SYD,SKYDOCTOR,South Africa
SYF,SKY FIRST,United States
SYG,SYNERGY,United Kingdom
SYK,AEROCAB,United States
SYL,AIR YAKUTIA,Russia
SYM,VOLO SKY,Malta
SYN,SYNCRUDE,Canada
SYO,SYERSTON,United Kingdom
SYP,SYNESIS,Cyprus
SYR,SYRIANAIR,Syria
SYS,SHAWBURY,United Kingdom
SYT,SKYTRACK,South Africa
SYU,SKY UNLIMITED,Netherlands
SYV,SPECIAL SYSTEM,United States
SYW,FAST STAR,Serbia
SYX,SKYVAN,United States
SYY,SKY COACH,South Africa
SYZ,ZIL AIR,Seychelles
SZA,AIR ASTRO,China
SZG,STOTZ AGRO,Belarus
SZJ,SPRING JET,China
SZL,ESWATINI,Eswatini
SZN,SENSA,Senegal
SZS,SPINNAKER,Ireland
SZT,AERO ZEE,Mexico
TAA,AERO COSTA,Mexico
TAB,TRANS-BAJIO,Mexico
TAC,TAURUS,Thailand
TAE,TAME,Ecuador
TAF,TOP FLIGHT,Bahamas
TAG,TAGSPIRIT,San Marino
TAH,AIR ANKA,Turkey
TAI,TACA,El Salvador
TAJ,TUNISAVIA,Tunisia
TAK,TRANSAFRICAN,Kenya
TAL,TALAIR,Papua New Guinea
TAM,TAM,Brazil
TAN,ZANAIR,Tanzania
TAO,TRANS-AEROMAR,Mexico
TAP,AIR PORTUGAL,Portugal
TAR,TUNAIR,Tunisia
TAS,LOTUS FLOWER,Egypt
TAU,TRANSTAURO,Mexico
TAV,TAVISA,Spain
TAX,EXPRESS WING,Thailand
TAY,QUALITY,Belgium
TBA,TIBET,China
TBC,TBILISI,Georgia
TBI,TAB INTERNATIONAL,United States
TBJ,TAG JET,China
TBL,TERRIBLES,United States
TBN,TABAN,Iran
TBO,CARTILLION,United States
TBS,TIMBIS,Kenya
TBZ,ATALAR AIR,Iran
TCA,TRADECRAFT,Nigeria
TCB,AEREO COLOMBIA,Colombia
TCC,TRANSCAL,Sudan
TCE,TRANS-COLORADO,United States
TCF,TECH FLIGHT,United States
TCG,AFRICARGO,Burkina Faso
TCH,TRANS GULF,Bahrain
TCI,AMBER,China
TCJ,TAG ISLAND,Cayman Islands
TCK,TRANS CARAVAN,Kyrgyzstan
TCL,TRANS COASTAL,United States
TCM,TELEDYN,United States
TCN,TRANSCON,United States
TCO,TRANSCOLOMBIA,Colombia
TCP,TRANSCORP,United Kingdom
TCQ,AMSAN,San Marino
TCR,TICOS,Costa Rica
TCV,CABOVERDE,Cape Verde
TCW,PHOENIX,Belgium
TCX,THOMAS COOK,United Kingdom
TCY,TWIN CITY,United States
TDA,TREND AIR,United States
TDB,THUNDER BAY,United States
TDC,TADAIR,Spain
TDE,TELLURIDE,United States
TDG,TURBO DOG,United States
TDR,TRADEAIR,Croatia
TDS,TSARADIA,Madagascar
TDT,TRIDENT,United Kingdom
TEA,TRAVELMAX,South Africa
TEC,TECHJET,United States
TED,AEROAZTECA,Mexico
TEE,TEEBIRD,United Kingdom
TEF,TECFOTO,Spain
TEG,SERVITLAL,Mexico
TEK,ATECH,United States
TEL,TELFORD,United States
TEN,TENNESSEE,United States
TEO,TRANSAEREO,Venezuela
TEP,TRANSPORTES PIZA,Mexico
TER,TERRI-AIRE,United States
TES,TESABAN,Portugal
TEU,TAG MALTA,Malta
TEW,TEAMWORK,South Africa
TEX,BIG TEX,United States
TEZ,TEZJET,Kyrgyzstan
TFA,TRANS FLORIDA,United States
TFF,TALON FLIGHT,United States
TFG,TRAFALGAR,United Kingdom
TFJ,TRUSTFLIGHT,Guernsey
TFL,ORANGE,Netherlands
TFR,TOLL FREIGHT,New Zealand
TFS,CAMPUS,Germany
TFT,THAI FLYING,Thailand
TFX,TEAM AIR,Australia
TFY,TAYSIDE,United Kingdom
TGA,TAIGA,Russia
TGC,THANET,United Kingdom
TGE,TASA,Spain
TGG,TIGGOZ,Australia
TGM,TAG ESPANA,Spain
TGN,TRIGANA,Indonesia
TGO,TRANSPORT,Canada
TGP,TROPICANA,Ghana
TGT,TARGET,Sweden
TGU,CHAPIN,Guatemala
TGW,SCOOTER,Singapore
TGX,TRANSGABON,Gabon
TGY,TRANS GUYANA,Guyana
TGZ,TAMAZI,Georgia
THA,THAI,Thailand
THB,BLUE WINGS,Thailand
THC,TRANAVEN,Venezuela
THD,THAI SMILE,Thailand
THF,TOURAINE HELICO,France
THK,HUR KUS,Turkey
THL,TERNHILL,United Kingdom
THR,TEHRAN AIR,Iran
THS,TUSAS,Turkey
THT,TAHITI AIRLINES,France
THU,AIR THUNDER,Canada
THY,TURKISH,Turkey
TIA,TRANS INTERNATIONAL,United States
TIB,TRIP,Brazil
TIC,TAC AIRLINES,Costa Rica
TIE,TIME AIR,Czech Republic
TIG,TIGRIS,United Kingdom
TIH,TIRIAC AIR,Romania
TIL,TIL,Tajikistan
TIM,TEAM BRASIL,Brazil
TIN,TINDI,Canada
TIP,TRANSPAC,United States
TIR,ANTAIR,Mexico
TIS,AVIATIS,Russia
TIV,THRIVE,United States
TIW,TIACA,Venezuela
TIX,MATRIX,San Marino
TJA,TAPJETS,United States
TJB,ALADIN,Bulgaria
TJD,ALISERIO,Italy
TJE,TOMZAJET,Mexico
TJJ,BLESSED KID,Bahamas
TJK,TAJIKAIR,Tajikistan
TJS,TYROLJET,Austria
TJT,TWINJET,France
TKA,TOURLIZ,Kenya
TKC,TURKISH CARGO,Turkey
TKF,RAINBOW,United Kingdom
TKH,TRACKHOUSE,United States
TKJ,ANATOLIA,Turkey
TKK,TARKA,United States
TKM,TACOMA,United States
TKN,TOUCAN,Iran
TKR,TANKER,(None)
TKU,UGATRANS,Uganda
TLA,AEROCLA,Mexico
TLC,CARIB-X,United States
TLE,AEROUTIL,Mexico
TLI,SPIRIT,Germany
TLJ,TALJET,France
TLK,STARLINK,Canada
TLM,MENTARI,Thailand
TLN,AERO ATLA,Mexico
TLR,AIR LIBYA,Libya
TLS,TEALSY,United States
TLT,TURTLE,Fiji
TLU,AEROTOLUCA,Mexico
TLX,TELESIS,United States
TLY,TOPFLY,Spain
TLZ,TRANSLIZ,Sao Tome and Principe
TMA,TANGO LIMA,Lebanon
TMB,TOMBO,United States
TMC,TRAIL BLAZER,United States
TMD,TRANSMANDU,Venezuela
TME,TAIMEN,Mongolia
TMG,TRILINES,Indonesia
TMH,TIMERKHAN,Russia
TMI,TAMIRWAYS,Israel
TMJ,TAMGA,Kazakhstan
TMK,TOMAHAWK,United States
TML,TAM AIRLINE,Madagascar
TMM,WILLOW RUN,United States
TMN,TASMAN,Australia
TMP,TEMPUS,United States
TMQ,TRAM AIR,Mauritania
TMR,TAMARA,Niger
TMS,TEMSCO,United States
TMT,KAPOW,Malta
TMW,TRANS MALDIVIAN,Maldives
TMX,TRAMON,South Africa
TMZ,TRANS AMAZON,Venezuela
TNE,TAXINOROESTE,Mexico
TNF,TRANSFAS,Burkina Faso
TNI,INCA,United States
TNK,TONKA AIR,United States
TNL,SKY HORSE,Mongolia
TNO,AEROUNION,Mexico
TNR,TAN AIR,United States
TNU,TRANSNUSA,Indonesia
TNV,TRANSNORTHERN,United States
TNW,TRANS-NATION,Ethiopia
TNX,TRAINER,Hungary
TNY,TWINCAL,United States
TNZ,TEXEL CARGO,New Zealand
TOA,TOPCAT,United Kingdom
TOF,TOPCLIFFE,United Kingdom
TOG,TIOGA,United States
TOJ,TOJ AIRLINE,Tajikistan
TOK,BALUS,Papua New Guinea
TOM,TOMJET,United Kingdom
TON,TONGA,Tonga
TOP,AIR TOP,Turkey
TOR,HOMERUN,Canada
TOS,TROPISER,Belize
TOT,TOTAL EXPRESS,Brazil
TOW,TOWLINE,United Kingdom
TOY,TOYO AVIATION,Romania
TPA,TAMPA,Colombia
TPB,AERO TROPICAL,Angola
TPC,AIRCAL,France
TPD,TROPICAL,Dominican Republic
TPG,TRANSPEGASO,Mexico
TPJ,TEMPUS JETS,United States
TPL,INTERPILOT,Mauritania
TPM,TRANSPAIS,Mexico
TPN,AEREA DELNORTE,Mexico
TPO,TAXI-POTOSI,Mexico
TPS,TAPSA,Argentina
TPU,TRANS PERU,Peru
TPZ,TRANSPAZ,Mexico
TQE,TAXAIR,Mexico
TQN,TAQUAN,United States
TQQ,AVIATION TARCO,Sudan
TRA,TRANSAVIA,Netherlands
TRB,THAI REGIONAL,Thailand
TRC,TRACKER,United States
TRD,TRANS ISLAND,Barbados
TRF,THRUST,United States
TRG,TRANSCARGO,Sao Tome and Principe
TRH,TURUKHAN,Russia
TRJ,TRUJET,India
TRK,TURKISH REPUBLIC,Turkey
TRL,STARSTREAM,South Africa
TRM,SOTRANS,Mauritania
TRN,AEROTRON,Mexico
TRO,MOLOKAI,United States
TRP,TROOPER,United States
TRR,TRAMSON,Sudan
TRS,CITRUS,United States
TRT,TRANS ARABIAN,Sudan
TRU,TRI AIR,Uganda
TRW,TRANS-WEST,United States
TRX,TRANS-TERRESTRES,Mexico
TRY,TRISTAR AIR,United States
TRZ,TRANS-MERIDIAN,United States
TSA,AIRTRAF,France
TSC,AIR TRANSAT,Canada
TSD,TAFI,Brazil
TSG,TRANS-AIR-CONGO,Congo
TSJ,TARSIER,South Africa
TSK,TASHKENT AIR,Uzbekistan
TSL,THAI AVIATION,Thailand
TSM,SKYLOUNGE,Lebanon
TSN,AIR TRANS,Nigeria
TSP,TONLESAP AIR,Cambodia
TSQ,AIRTRA,Japan
TSR,SAN MARINO,San Marino
TSS,TRI-STATE,United States
TST,SHATA AIR,Nigeria
TSU,TRANSAUTO,United States
TSW,GRIZZLY,Austria
TSY,TRIPLE STAR,Egypt
TTA,KANIMANBO,Mozambique
TTC,TRANSTECO,Angola
TTD,INTERESTATALES,Mexico
TTE,TETON,United States
TTF,CARGO UNIT,Russia
TTG,VIETNAM CARGO,Vietnam
TTJ,TATRA,Slovakia
TTL,TOTAL,Brazil
TTM,TOUT-AIR,Mauritania
TTN,TITANIUM,South Africa
TTO,TRANSPORT TRANSIT,Madagascar
TTP,MIGHTY WING,Nigeria
TTR,ALAMAN AIR,Kazakhstan
TTS,TECNICO,Mexico
TTU,TANTALUS,Canada
TTV,WINSKY,Czech Republic
TTW,SMART CAT,China
TTX,TWISTER,United States
TUA,TURKMENISTAN,Turkmenistan
TUB,TRUE AVIATION,Bangladesh
TUD,TUNDRA,United States
TUG,TURKMENISTAN GOVERNMENT,Turkmenistan
TUI,TUI JET,Germany
TUJ,TAJA,Sudan
TUL,URSAL,Russia
TUN,TUNISIAN AIRFORCE,Tunisia
TUP,TUPOLEVAIR,Russia
TUR,VETURPI,Venezuela
TUS,TRUSTCO,Namibia
TUX,TUNEXPRESS,Tunisia
TUY,AEREOTUY,Venezuela
TUZ,UTAT,Turkmenistan
TVA,TRANS-AMERICA,United States
TVD,AEROFLIGHT,United States
TVF,FRANCE SOLEIL,France
TVJ,THAIVIET JET,Thailand
TVL,TRAVEL SERVICE,Hungary
TVP,JET TRAVEL,Poland
TVQ,SLOVAKTRAVEL,Slovakia
TVR,TERRAAVIA,Moldova
TVS,SKYTRAVEL,Czech Republic
TVT,TAXIS TOLUCA,Mexico
TVV,PARAMITA,Indonesia
TWB,TEEWAY,South Korea
TWC,CANAIR,Congo
TWD,TRADEWINGS,Nigeria
TWF,CLOUD RUNNER,United Kingdom
TWG,TWIN-GOOSE,Germany
TWI,TAILWIND,Turkey
TWT,TRANSWISATA,Indonesia
TWW,WELWITCHIA,Angola
TWY,TWILIGHT,United States
TXA,TEXAIR,United States
TXC,TRANSEXPORT,Belarus
TXD,TAXI OESTE,Mexico
TXF,ALFE,Mexico
TXG,CARGO BOX,United States
TXH,TEXTRON,Canada
TXI,AEREOTAXIS,Mexico
TXJ,TAIXIANG,China
TXL,TAXI COZATL,Mexico
TXM,TAXIMEX,Mexico
TXN,TEXAS NATIONAL,United States
TXP,TAJIK EXPRESS,Tajikistan
TXT,TEXAS CHARTER,United States
TXV,TAXIVALLARTA,Mexico
TXX,COWBOY,United States
TXZ,EXPRESS AIR,Thailand
TYA,TAIMYR,Russia
TYG,TIANYI,China
TYJ,TYROL MALTA,Malta
TYT,TRINITY,Ireland
TYW,TYROL AMBULANCE,Austria
TZA,AERO TOMZA,Mexico
TZK,TAJIKISTAN,Tajikistan
TZP,ZIPPY,Japan
TZR,RAIN-BEE,Venezuela
TZS,TOKA,Georgia
TZT,ZAMBEZI,Zimbabwe
UAB,UNITED ARABIAN,Sudan
UAC,UNITAIR,Zimbabwe
UAE,EMIRATES,United Arab Emirates
UAF,UNIFORCE,United Arab Emirates
UAG,SAKTA,Latvia
UAL,UNITED,United States
UAP,AIRWING,United Arab Emirates
UAT,UZTECH,Uzbekistan
UBA,UNIONAIR,Myanmar
UBD,URAIR,Iraq
UBG,BANGLASTAR,Bangladesh
UBS,BARBEDOS,Nigeria
UBT,LONGBOAT,United Kingdom
UCA,COMMUTAIR,United States
UCB,EAGLE EYE,Netherlands
UCC,UGANDA CARGO,Uganda
UCG,UNIWORLD,Panama
UCH,US CHARTER,United States
UCK,GALETA,Kazakhstan
UCM,MULE-FLIGHT,United States
UCO,UCOAVIACION,Spain
UCS,UNITED CARRIERS,United States
UDG,UNDERDOG,United States
UEA,UNITED EAGLE,China
UEE,EAGLE SLOVENIA,Slovenia
UEJ,JETCORP,United States
UFA,FLIGHT ACADEMY,Ukraine
UFS,FEEDER FLIGHT,United States
UFX,RAGNAR,United Kingdom
UGA,UGANDA,Uganda
UGB,UGAWINGS,Uganda
UGC,URGEMER,Spain
UGD,CRESTED,Uganda
UGJ,UNIJET,Czech Republic
UGL,UGLY VAN,United States
UGP,SHARINK,Russia
UGS,SKY UGANDA,Uganda
UGX,CRANE,Uganda
UHL,UKRAINE COPTERS,Ukraine
UHO,HELIOPS,Ukraine
UIT,ARTIC,Norway
UJC,ULTIMATE,United States
UJR,UNIVERSAL JET,Mexico
UKA,BLACK JET,United Kingdom
UKL,UKRAINE ALLIANCE,Ukraine
UKN,ENTERPRISE UKRAINE,Ukraine
UKP,POLICE,United Kingdom
UKT,UKTUS,Russia
ULA,ULTRAJET,United States
ULC,ALBI,Malta
ULH,ULTIMATE HELI,South Africa
ULR,VIPER,South Africa
ULT,ULTRAIR,United States
UMZ,UMZA,Nigeria
UNA,UNITED ASIA,China
UNC,UNICOPTER,Denmark
UND,ATUNEROS UNIDOS,Mexico
UNF,UNION FLIGHTS,United States
UNI,UNICAIR,Germany
UNO,UNITED NATIONS,(None)
UNQ,UNIQUE,South Africa
UNT,UNIVERSITARIO,Mexico
UNY,UNIVERSITY,Sweden
UPL,PILOT SCHOOL,Ukraine
UPS,UPS,United States
UPV,UPAVON,United Kingdom
URA,ROSAVIA,Ukraine
URF,SURFAIR,United States
URG,URGA,Ukraine
URI,URI AIR,South Korea
URJ,STARAV,Pakistan
URO,EURO,United Kingdom
USA,SILK,Uzbekistan
USB,TUSHETI,Georgia
USC,STAR CHECK,United States
USH,US-HELI,United States
USJ,USJET,United States
USR,US ARMY,United States
USW,AKSAR,Uzbekistan
USX,TERRAKEA,Mexico
USY,UNISKY,Germany
UTA,UTAIR,Russia
UTG,UTAGE,Equatorial Guinea
UTH,UTAIR HELICOPTERS,Russia
UTN,UT-UKRAINE,Ukraine
UTP,UNI-TOP,China
UTR,UTAIR LIMITED,Russia
UTS,AIRRUH,Ukraine
UTT,ARABIAN TRANSPORT,Uganda
UTY,UNITY,Australia
UVA,UNIVERSAL,United States
UVL,UNIVERSALAIR,Malta
UVM,UVAVEMEX,Mexico
UVN,SENYARI,Kuwait
UVT,TAT-JET,Russia
UWA,GRUMPY,United States
UWD,UPWARD,United States
UWJ,UKRAINIAN WINGS,Ukraine
UZA,CONSTANTA,Ukraine
UZB,UZBEK,Uzbekistan
UZP,PANORAMA,Uzbekistan
UZS,SAMARKAND,Uzbekistan
UZU,SPACEBEE,Uzbekistan
VAA,EUROVAN,Czech Republic
VAC,VALORAVIA,Kyrgyzstan
VAD,VALLES,Spain
VAE,AIR-EVANS,Spain
VAG,VIETRAVEL AIR,Vietnam
VAJ,TRUBADIX,San Marino
VAL,VOYAGEUR,Canada
VAM,YUNEK,Venezuela
VAN,CAMEL,Mauritania
VAQ,VAQUERO,Spain
VAR,VARNEY,United States
VAS,ATRAN,Russia
VAW,SOFIA JET,Bulgaria
VAX,AVAX,Malawi
VBA,NOVE,Bulgaria
VBB,AIR LUBO,Bulgaria
VBW,BURKINA,Burkina Faso
VCG,THUNDER CAT,United Kingdom
VCH,CONSORCIO HELITEC,Venezuela
VCI,CI-TOURS,Ivory Coast
VCJ,OBELIX,Malta
VCM,CARMEN,United States
VCR,VOE CRUISER,Brazil
VCT,VISCOUNT AIR,United States
VCU,SACEU,Venezuela
VCV,CONVIASA,Venezuela
VCY,VINCY,Saint Vincent
VDA,VOLGA,Russia
VDC,PRIVIUM,Spain
VDG,VIAJES DON GOYO,Mexico
VDO,AVANDARO,Mexico
VDR,VOLDIR,France
VEA,AEROAVILA,Venezuela
VEC,VECAR,Venezuela
VEJ,VENEJECUTIV,Venezuela
VEK,ROTCEV,Russia
VEN,TRANSAVEN AIRLINE,Venezuela
VES,VIEQUES,United States
VET,POINSETT AIR,United States
VEX,VIRGIN EXPRESS,Belgium
VFC,VASCO AIR,Vietnam
VFM,VIFEMED,Mexico
VFS,VISION FLIGHT,United States
VGA,AIR VICTORY,China
VGB,HONG XIANG,China
VGC,VANGUARDIA COLIMA,Mexico
VGG,BLUE WHITE,United Arab Emirates
VGL,PREFECT,United Kingdom
VGN,VIRGIN NIGERIA,Nigeria
VGO,VIRGO,Thailand
VGS,SMART,Netherlands
VGT,AVANTIS,Gabon
VGV,VOLOGDA AIR,Russia
VGX,GALACTIC,United States
VHA,AIR V-H,Angola
VHC,WILDCAT,United States
VHS,VALAIRHELI,Switzerland
VHT,VEGAS HEAT,United States
VIC,VIP-EJECUTIVO,Mexico
VID,VID-AIR,Central African Republic
VIE,VIP EMPRESARIAL,Mexico
VIG,VEGA AVIATION,Sudan
VIH,VICHI,Moldova
VIJ,AERO VIGO,Spain
VIL,TURTLE DOVE,United Kingdom
VIN,VINAIR,Portugal
VIO,VIATOR,Slovenia
VIP,SOVEREIGN,United Kingdom
VIR,VIRGIN,United Kingdom
VIS,DREAM BIRD,Pakistan
VIT,AVIASTAR,Indonesia
VIV,AEROENLACES,Mexico
VIZ,AEROVIZ,Ukraine
VJA,ICONIC,United States
VJC,VIETJETAIR,Vietnam
VJH,VISTA GERMANY,Germany
VJI,SILVER JET,India
VJM,VIAJES MEXICANOS,Mexico
VJS,CARBON,Malta
VJT,VISTA JET,Malta
VKA,VULKAN AIR,Ukraine
VKG,VIKING,Denmark
VKN,TRUE NORTH,Canada
VKO,VIKINGO,Venezuela
VKY,VALKYRIE,United States
VLA,NALAU,South Africa
VLB,VOLTA,Bulgaria
VLG,VUELING,Spain
VLJ,VALJET,France
VLM,RUBENS,Belgium
VLN,VALAN,Moldova
VLO,VELOG,Brazil
VLR,VOLAX,Mexico
VLS,VIREL,Mexico
VLT,VERTICAL,Russia
VLV,VLADLIFT,Russia
VLW,VALO AVIATION,Bahrain
VLX,AVOLAR,United States
VLY,VALLEY,United States
VLZ,VOLARE,United Kingdom
VMA,VERO MONMOUTH,United States
VME,AVIAMERICA,Mexico
VMP,VAMPIRE,Denmark
VMS,VICTOR MIKE,Thailand
VMT,VOLUXIS MALTA,Malta
VND,AVINORD,Italy
VNE,VENEZOLANA,Venezuela
VNR,AVANTAIR,United States
VNS,AEROVENA,Mexico
VNT,VENTURA,United States
VNX,VANCE,United States
VOA,VOAR,Brazil
VOC,COSTA RICAN,Costa Rica
VOE,VOLOTEA,Spain
VOI,VOLARIS,Mexico
VOL,VOLAERO,Ireland
VOR,FLIGHT CAL,United Kingdom
VOS,JETSAL,El Salvador
VOZ,VELOCITY,Australia
VPC,SOLAR,Estonia
VPE,VIVA PERU,Peru
VPP,VINTAGE,United States
VPT,POTOK,Russia
VQI,VILLA AIR,Maldives
VRA,RAPID,Australia
VRB,SILVERBACK,Rwanda
VRC,VERACRUZ,Mexico
VRD,REDWOOD,United States
VRE,COTE D'IVOIRE,Ivory Coast
VRG,VARNA LINES,Bulgaria
VRH,SKY VICTOR,Iran
VRI,VILLARICA,Mexico
VRL,VOAR LINHAS,Angola
VRO,AEROVITRO,Mexico
VRS,VAIRSA,Mexico
VSA,STARBIRD,South Africa
VSB,VICKERS,United Kingdom
VSM,VIETSTAR,Vietnam
VSR,AVIOSTART,Bulgaria
VSS,WATERBIRD,United States
VSV,VLASTA,Kazakhstan
VTA,AIR TAHITI,France
VTB,SUXAIR,Hungary
VTE,VOLUNTEER,United States
VTG,ATACARGO,Angola
VTH,VUELOS TEHUACAN,Mexico
VTI,VISTARA,India
VTK,VOSTOK,Russia
VTM,AERONAVES TSM,Mexico
VTO,VITOSHA,Malta
VTS,EVERTS,United States
VTT,VIATRANSPORT,Sudan
VTU,TURPIAL,Venezuela
VTY,VICTORY,Nigeria
VUE,FLIGHTVUE,United Kingdom
VUK,VUKANI,South Africa
VUN,AIRIVOIRE,Ivory Coast
VUO,AEROVUELOX,Mexico
VUR,VIPEC,Ecuador
VUS,HARBINGER,United States
VVA,LOAD SHARK,Ukraine
VVB,VEE-TRANS,United Kingdom
VVC,VIVA COLOMBIA,Colombia
VVD,LIVERBIRD,United Kingdom
VVG,AEROVILLA,Colombia
VVM,JACKPOT,China
VVT,AVIATSA,Honduras
VVV,VALAIRJET,Portugal
VWA,VENTURE WEST,United States
VXG,AVIREX-GABON,Gabon
VXM,GOS HAWK,San Marino
VXP,AVELO,United States
VXS,VOLUXIS,United Kingdom
VYE,JET SOLUTIONS,Mexico
VYR,VEYRON,United States
VYT,ANGLESEY,United Kingdom
VYU,VAAYU,United Arab Emirates
VZA,AVEAIR,Venezuela
VZK,VZLET POLAR,Russia
VZL,VZLYET,Russia
WAA,WESTAIR WINGS,Namibia
WAB,WABASH,United States
WAC,WESTAF CARGO,Mauritania
WAD,VULCAN,United Kingdom
WAE,WESTERN EXPRESS,United States
WAF,FLAMENCO,United States
WAI,BUSHWOOD,United States
WAL,DORAL,United States
WAM,TAXI CARGO,Sudan
WAN,WATANIYA,Kuwait
WAR,WARBIRDS,New Zealand
WAV,WARBELOW,United States
WAW,WING SHUTTLE,United States
WAY,GARONNE,France
WAZ,WIZZ SKY,United Arab Emirates
WBA,ALBAJET,France
WBC,WABAC,United States
WCC,WEST COAST,United States
WCD,WHITE CLOUD,South Korea
WCG,WARSAW CARGO,Poland
WCM,WORLD CARGO,Malaysia
WCO,COLUMBIA HELI,United States
WCP,WHITECAP,United States
WCY,TITAN AIR,United States
WDA,ADAM,San Marino
WDE,SANDSTONE,United States
WDG,WATCHDOG,United Kingdom
WDK,WOODSTOCK,United Kingdom
WDR,WIND RIDER,United States
WDS,WINDS,United States
WDW,WOODWARD,United States
WDY,WINDY CITY,United States
WEA,DAYSTAR,Netherlands
WEB,WEB-BRASIL,Brazil
WED,WENDA,China
WEJ,WE JET,United States
WEN,ENCORE,Canada
WES,WEST INDIAN,United States
WET,BAREFOOT,Malta
WEV,VICTORIA,Uganda
WEY,WEB ACADEMY,Portugal
WFC,SWIFTCOPTERS,Switzerland
WFD,AVRO,United Kingdom
WFH,WANFENG,China
WFL,BLUE WORLD,Spain
WGN,WESTERN GLOBAL,United States
WGP,GRAND PRIX,United Kingdom
WHB,HOSHAM AIR,Sudan
WHE,WESTLAND,United Kingdom
WHG,CHEER,China
WHR,TANGI,United States
WHS,WEEKING,Germany
WHT,WHITEJET,Portugal
WIA,WINDWARD,Netherlands
WID,WIDGEON,Belarus
WIF,WIDEROE,Norway
WIG,WIGGINS AIRWAYS,United States
WIL,WILLAMETTE,United States
WIN,TEME AIRLINES,Mexico
WIS,WISCAIR,United States
WIT,STRIKER,United Kingdom
WIW,VEE-AVIA,Ukraine
WIZ,WIZARD,United Kingdom
WJA,WESTJET,Canada
WJM,WINDSOR JET,United States
WJT,WIJET,France
WKT,WHITE KNIGHT,United Kingdom
WLB,WINGS LEBANON,Lebanon
WLC,WELCOMEAIR,Austria
WLD,WILDERNESS,South Africa
WLF,SKY BLUE,China
WLK,SKYWATCH,South Africa
WLL,WELTALL,Russia
WLM,RIBICA,Slovenia
WLN,WEST LINK,Nigeria
WLS,WILLIAMS AIR,United States
WLT,WINGLET,United States
WLV,WOLVERINE,United States
WMA,WATERMAKERS,United States
WML,MARLIN,United States
WMN,WATERMAN,United States
WMT,WIZZ MALTA,Malta
WMU,SKYBRONCO,United States
WNA,WINAIR,United States
WND,WINDANCER,United States
WNE,CRUSH,United States
WNR,WONDAIR,Spain
WOA,WORLD,United States
WOF,FIREWISE,South Africa
WOK,WOKAIR,Czech Republic
WOL,WINGJET,Guyana
WON,WINGS ABADI,Indonesia
WPA,WESTPAC,Solomon Islands
WPC,COMMAND AIR,Venezuela
WPH,WAT PHNOM,Cambodia
WPK,WOLF PACK,Canada
WPR,WESTPAC RESCUE,New Zealand
WPT,NEW BLUE,Portugal
WRC,WIND ROSE,Ukraine
WRF,WRIGHT FLYER,United States
WRR,WRAP AIR,United States
WRT,WRIGHT-AIR,United States
WSG,WASAYA,Canada
WSH,WEST STAR,Saudi Arabia
WSI,WIND SPIRIT,United States
WSM,WISMAN,United States
WSN,WINGSPAN,United States
WSP,WHISPER JET,United States
WST,WESTERN AIR,Bahamas
WTJ,BRASILJETS,Brazil
WTN,TARNISH,United Kingdom
WTV,WESTAVIA,United States
WUA,YAJIE AIR,China
WUE,FASTY,Germany
WUK,WIZZ GO,United Kingdom
WUP,UP JET,United States
WVA,WABASH VALLEY,United States
WVE,CLEAR WAVE,United States
WVU,COUNTRY ROADS,United States
WWA,WILKEN AIR,Kenya
WWF,WILD WATCH,United States
WWI,WORLDWIDE,United States
WWN,NOVAWEST,Venezuela
WWP,WINGO PANAMA,Panama
WXX,WHISPER FLIGHT,United States
WYC,WYCOMBE,United Kingdom
WYF,WAYFARER,United States
WYG,WYOMING,United States
WYM,WORLD CLASS,United States
WYT,WYTON,United Kingdom
WZE,APHRODITE,Cyprus
WZM,MATILDA,United States
WZZ,WIZZAIR,Hungary
XAA,ROCKFISH,United States
XAB,AERO XABRE,Mexico
XAE,AURA,Czech Republic
XAI,PEX AIR,China
XAK,SUNEXPRESS,Kenya
XAL,BAJANSTAR,Barbados
XAM,ALLIANCE,United States
XAP,MID-TOWN,United States
XAR,TRAVEL EXPRESS,Indonesia
XAU,PEARL,Uganda
XAV,AVIAPROM,Russia
XAX,XANADU,Malaysia
XCA,COLT,Brazil
XCC,XCALAK,Mexico
XCH,EXCHANGE,United Kingdom
XCN,FIRE SCAN,United States
XED,BUNNY,Luxembourg
XEJ,RED TAIL,Nigeria
XEL,HELI EXCEL,United Kingdom
XEN,ZEN JET,United States
XER,XEROX,United States
XFL,EX-FLIGHT,United States
XFX,AIRCORP,New Zealand
XGN,NEXGEN,United States
XGO,PASTIS,Germany
XJC,EXCLUSIVE JET,United Kingdom
XKY,SKY RACER,Philippines
XLE,AQUILA,Nigeria
XLF,STARWAY,France
XLJ,XCEL JET,United States
XLK,SAFARILINK,Kenya
XLL,TINGA-TINGA,Tanzania
XLR,TEXEL,Bahrain
XLS,EXCELAIRE,United States
XLT,INFRAERO,Brazil
XMI,ZEMI,United States
XMR,AUTHORITY,Ireland
XMS,SANTA,United Kingdom
XMT,CRUSADER,Malta
XMX,SENEAM,Mexico
XRC,TUNISIA CARGO,Tunisia
XRO,CRAMER,Netherlands
XSK,STARK AIR,United States
XSM,AIRSMART,United States
XSN,SANTANA,United States
XSR,AIRSHARE,United States
XTA,TEXTRA,Mexico
XTH,BRIGHT PEARL,China
XTO,EXPRESS TOURS,Gabon
XTX,ZAFIRO,Spain
XUM,AWESUMAIR,South Korea
XYZ,RAINBIRD,United States
YAK,YAK AVIA,Russia
YAP,WHITEKEKO,Poland
YEL,YELLOWSTONE,United States
YOG,YOGAN AIR,United States
YSY,RADIO,(None)
YZR,YANGTZE RIVER,China
ZAK,ZAMBIA SKIES,Zambia
ZAV,ZETAVIA,Ukraine
ZAZ,APPROACH,(None)
ZBA,BOSKY,Kenya
ZIZ,INFORMACION,(None)
ZOM,ZOOM,India
ZOZ,OCEANA,(None)
ZRZ,CONTROLE,(None)
ZTZ,TOWER,(None)
